Workbook
Name KAW1_EPC_SYD_DE_H_417: PSS05B!#REF!
Name KAW1_EPC_SYD_DE_H_417: PSS08B!#REF!
Name KAW1_EPC_SYD_DE_H_417: 'PSS09'!#REF!
Name KAW1_EPC_SYD_DE_H_417: PSS10B!#REF!
Name KAW1_EPC_SYD_DE_H_417: 'PSS11'!#REF!
Name KAW1_EPC_SYD_DE_H_417: 'PSS12'!#REF!
Name KAW1_EPC_SYD_DE_H_417: 'PSS8-old'!$F$163:$F$163
Name KAW1_EPC_SYD_DE_H_417: #REF!

Sheet MDL PSS Summery (2)
A1: STATUS AS ON DATE | H1: STATUS AS ON DATE | J1: 01.01.2025
A2: KHAVDA- BESS PSS MDL STATUS | H2: KHAVDA PSS MDL STATUS-PHASE-3 | O2: Approval Status
A3: 1 | B3: PSS-5 | F3: REMARKS | H3: 1 | I3: PSS-6 | M3: REMARKS | O3: RFC | P3: A1 | Q3: A2 | R3: A3 | S3: I | T3: UR | AF3: Date : | AG3: =TODAY() -> 46269
B4: CIVIL/ELECT COMBINED (PSS) | C4: Submitted | D4: =#REF! -> #REF! | E4: =D4/D6 -> #REF! | I4: CIVIL/ELECT COMBINED (PSS) | J4: Submitted | K4: =8+6 -> 14 | L4: =K4/K6 -> 0.56 | M4: Hyosung-19 added-offline submitted docu. | O4: =#REF! -> #REF! | P4: =#REF! -> #REF! | Q4: =#REF! -> #REF! | R4: =#REF! -> #REF! | S4: =#REF! -> #REF! | T4: =#REF! -> #REF! | V4: KHAVDA- BESS PSS MDL STATUS
C5: Not Submitted | D5: =#REF! -> #REF! | E5: =D5/D6 -> #REF! | J5: Not Submitted | K5: 11 | L5: =K5/K6 -> 0.44 | V5: Project | W5: Total Docment | Z5: Approval Status | AG5: Not Submitted
C6: Total | D6: =SUM(D4:D5) -> #REF! | J6: Total | K6: =SUM(K4:K5) -> 25 | W6: Total | X6: In-House | Y6: Vendor | Z6: Total | AA6: RFC | AB6: A1 | AC6: A2 | AD6: A3 | AE6: I | AF6: UR | AG6: Total | AH6: In-House | AI6: Vendor
A7: 2 | B7: PSS-8 | F7: REMARKS | H7: 2 | I7: PSS-7 | M7: REMARKS | O7: RFC | P7: A1 | Q7: A2 | R7: A3 | S7: I | T7: UR | V7: PSS-5 | W7: =SUM(X7,Y7) -> #REF! | X7: =COUNTIF(#REF!,'MDL PSS Summery (2)'!X6) -> #REF! | Y7: =COUNTIF(#REF!,'MDL PSS Summery (2)'!Y6) -> #REF! | Z7: =SUM(AA7:AF7) -> #REF! | AA7: =O4 -> #REF! | AB7: =P4 -> #REF! | AC7: =Q4 -> #REF! | AD7: =R4 -> #REF! | AE7: =S4 -> #REF! | AF7: =T4 -> #REF! | AG7: =SUM(AH7,AI7) -> #REF! | AH7: =COUNTIFS(#REF!,'MDL PSS Summery (2)'!AH6,#REF!,"Not Submitted") -> #REF! | AI7: =COUNTIFS(#REF!,'MDL PSS Summery (2)'!AI6,#REF!,"Not Submitted") -> #REF!
B8: CIVIL/ELECT COMBINED (PSS) | C8: Submitted | D8: =#REF! -> #REF! | E8: =D8/D10 -> #REF! | I8: CIVIL/ELECT COMBINED (PSS) | J8: Submitted | K8: 9 | L8: =K8/K10 -> 0.47368421 | M8: Hyosung-19 | O8: =#REF! -> #REF! | P8: =#REF! -> #REF! | Q8: =#REF! -> #REF! | R8: =#REF! -> #REF! | S8: =#REF! -> #REF! | T8: =#REF! -> #REF! | V8: PSS-8 | W8: =SUM(X8,Y8) -> #REF! | X8: =COUNTIF(#REF!,'MDL PSS Summery (2)'!X6) -> #REF! | Y8: =COUNTIF(#REF!,'MDL PSS Summery (2)'!Y6) -> #REF! | Z8: =SUM(AA8:AF8) -> #REF! | AA8: =O8 -> #REF! | AB8: =P8 -> #REF! | AC8: =Q8 -> #REF! | AD8: =R8 -> #REF! | AE8: =S8 -> #REF! | AF8: =T8 -> #REF! | AG8: =SUM(AH8,AI8) -> #REF! | AH8: =COUNTIFS(#REF!,'MDL PSS Summery (2)'!AH6,#REF!,"Not Submitted") -> #REF! | AI8: =COUNTIFS(#REF!,'MDL PSS Summery (2)'!AI6,#REF!,"Not Submitted") -> #REF!
C9: Not Submitted | D9: =#REF! -> #REF! | E9: =D9/D10 -> #REF! | J9: Not Submitted | K9: 10 | L9: =K9/K10 -> 0.52631579 | V9: PSS-10 | W9: =SUM(X9,Y9) -> 102 | X9: =COUNTIF(PSS10B!$D$3:$D$104,'MDL PSS Summery (2)'!X6) -> 0 | Y9: =COUNTIF(PSS10B!$D$3:$D$104,'MDL PSS Summery (2)'!Y6) -> 102 | Z9: =SUM(AA9:AF9) -> #REF! | AA9: =O12 -> #REF! | AB9: =P12 -> #REF! | AC9: =Q12 -> #REF! | AD9: =R12 -> #REF! | AE9: =S12 -> #REF! | AF9: =T12 -> #REF! | AG9: =SUM(AH9,AI9) -> 12 | AH9: =COUNTIFS(PSS10B!$D$3:$D$104,'MDL PSS Summery (2)'!AH6,PSS10B!$N$3:$N$104,"Not Submitted") -> 0 | AI9: =COUNTIFS(PSS10B!$D$3:$D$104,'MDL PSS Summery (2)'!AI6,PSS10B!$N$3:$N$104,"Not Submitted") -> 12
C10: Total | D10: =SUM(D8:D9) -> #REF! | J10: Total | K10: =SUM(K8:K9) -> 19 | V10: Total | W10: =SUM(W7:W9) -> #REF! | X10: =SUM(X7:X9) -> #REF! | Y10: =SUM(Y7:Y9) -> #REF! | Z10: =SUM(AA10:AF10) -> #REF! | AA10: =SUM(AA7:AA9) -> #REF! | AB10: =SUM(AB7:AB9) -> #REF! | AC10: =SUM(AC7:AC9) -> #REF! | AD10: =SUM(AD7:AD9) -> #REF! | AE10: =SUM(AE7:AE9) -> #REF! | AF10: =SUM(AF7:AF9) -> #REF! | AG10: =SUM(AG7:AG9) -> #REF! | AH10: =SUM(AH7:AH9) -> #REF! | AI10: =SUM(AI7:AI9) -> #REF!
A11: 3 | B11: PSS-10 | F11: REMARKS | H11: 3 | I11: PSS-11 | M11: REMARKS | O11: RFC | P11: A1 | Q11: A2 | R11: A3 | S11: I | T11: UR
B12: CIVIL/ELECT COMBINED (PSS) | C12: Submitted | D12: =PSS10B!#REF! -> #REF! | E12: =D12/D14 -> #REF! | I12: CIVIL/ELECT COMBINED (PSS) | J12: Submitted | K12: 8 | L12: =K12/K14 -> 0.42105263 | M12: Hyosung-19 | O12: =PSS10B!#REF! -> #REF! | P12: =PSS10B!#REF! -> #REF! | Q12: =PSS10B!#REF! -> #REF! | R12: =PSS10B!#REF! -> #REF! | S12: =PSS10B!#REF! -> #REF! | T12: =PSS10B!#REF! -> #REF!
C13: Not Submitted | D13: =PSS10B!#REF! -> #REF! | E13: =D13/D14 -> #REF! | J13: Not Submitted | K13: 11 | L13: =K13/K14 -> 0.57894737
C14: Total | D14: =SUM(D12:D13) -> #REF! | J14: Total | K14: =SUM(K12:K13) -> 19
B16: Grand Total | F16: REMARKS | I16: Grand Total | M16: REMARKS
B17: CIVIL/ELECT COMBINED (PSS) | C17: Submitted | D17: =SUM(D4,D8,D12) -> #REF! | E17: =D17/D19 -> #REF! | I17: CIVIL/ELECT COMBINED (PSS) | J17: Submitted | K17: =SUM(K4,K8,K12,#REF!,#REF!) -> #REF! | L17: =K17/K19 -> #REF!
C18: Not Submitted | D18: =SUM(D5,D9,D13) -> #REF! | E18: =D18/D19 -> #REF! | J18: Not Submitted | K18: =SUM(K5,K9,K13,#REF!,#REF!) -> #REF! | L18: =K18/K19 -> #REF!
C19: Total | D19: =SUM(D17:D18) -> #REF! | J19: Total | K19: =SUM(K17:K18) -> #REF!

Sheet PSS09
A1: PSS09_Adani Green Energy 27 A Limited (AGE27AL) | O1: Rev.00 | T1: Rev.01 | Y1: Rev.02 | AD1: Rev.03 | AI1: Rev.04/0E | AN1: Rev.05/0F | AS1: Rev.06/0G | AX1: Rev.07/0H | BC1: Rev.08/0I | BH1: Rev.09/0J
A2: Sr. No. | B2: Project | C2: Package | D2: In-house/Vendor | E2: In-house/Vendor Name2 | F2: New_Drawing / Document Number | G2: Drawing / Document Number | H2: Document Title | I2: Document Category | J2: DOCUMENT TYPE | K2: Schedule Date | L2: FORECAST DATE | M2: Weightage | N2: Status | O2: Recd Date_00 | P2: Comment date_00 | Q2: Status_00 | R2: XMTL No._00 | S2: Remarks_00 | T2: Recd Date_01 | U2: Comment date_01 | V2: Status_01 | W2: XMTL No._01 | X2: Remarks_01 | Y2: Recd Date_02 | Z2: Comment date_02 | AA2: Status_02 | AB2: XMTL No._02 | AC2: Remarks_02 | AD2: Recd Date_03 | AE2: Comment date_03 | AF2: Status_03 | AG2: XMTL No._03 | AH2: Remarks_03 | AI2: Recd Date_04 | AJ2: Comment date_04 | AK2: Status_04 | AL2: XMTL No._04 | AM2: Remarks_04 | AN2: Recd Date_05 | AO2: Comment date_05 | AP2: Status_05 | AQ2: XMTL No._05 | AR2: Remarks_05 | AS2: Recd Date_06 | AT2: Comment date_06 | AU2: Status_06 | AV2: XMTL No._06 | AW2: Remarks_06 | AX2: Recd Date_07 | AY2: Comment date_07 | AZ2: Status_07 | BA2: XMTL No._07 | BB2: Remarks_07 | BC2: Recd Date_08 | BD2: Comment date_08 | BE2: Status_08 | BF2: XMTL No._08 | BG2: Remarks_08 | BH2: Recd Date_09 | BI2: Comment date_09 | BJ2: Status_09 | BK2: XMTL No._09 | BL2: Remarks_09 | BM2: Remarks_10
A3: 1 | B3: =$A$1 -> PSS09_Adani Green Energy 27 A Limited (AGE27AL) | C3: Coupling Transformer | D3: Vendor | E3: Ornet | F3: 6497-ORNT-CTF-GEN-DE-V-0001 | G3: 51H2-E-SEP-IDT-DE-G-V-0001 | H3: GA Drawings with List of Fittings for IDT | I3: Approval | J3: Drawing | N3: {=_xlfn.IFNA(LOOKUP(2, 1/(MOD(COLUMN(O3:XFD3)-COLUMN(O3), 5)=2)/(O3:XFD3<>""), O3:XFD3),"Not Submitted")} -> Cat. -I | O3: 46063 | P3: 46079 | Q3: Cat. -I | R3: XXXX-BESS-SITE-T-0001 | BM3: =MID(F3,20,1) -> E
A4: 2 | B4: =$A$1 -> PSS09_Adani Green Energy 27 A Limited (AGE27AL) | C4: Coupling Transformer | D4: Vendor | E4: Ornet | F4: 6497-ORNT-CTF-GEN-DE-V-0002 | G4: 51H2-E-SEP-IDT-DE-G-V-0002 | H4: GA OF MARSHALLING BOX & WIRING DIAGRAM and SCHEMATIC DIAGRAM OF COOLING SYSTEM | I4: Approval | J4: Drawing | N4: {=_xlfn.IFNA(LOOKUP(2, 1/(MOD(COLUMN(O4:XFD4)-COLUMN(O4), 5)=2)/(O4:XFD4<>""), O4:XFD4),"Not Submitted")} -> Cat. -I | O4: 46063 | P4: 46079 | Q4: Cat. -I | R4: XXXX-BESS-SITE-T-0001 | BM4: =MID(F4,20,1) -> E
A5: 3 | B5: =$A$1 -> PSS09_Adani Green Energy 27 A Limited (AGE27AL) | C5: Coupling Transformer | D5: Vendor | E5: Ornet | F5: 6497-ORNT-CTF-GEN-DE-V-0003 | G5: 51H2-E-SEP-IDT-DE-G-V-0003 | H5: CTR NIFPS (Nitrogen Injection & Fire Protection System) Drawings | I5: Approval | J5: Drawing | N5: {=_xlfn.IFNA(LOOKUP(2, 1/(MOD(COLUMN(O5:XFD5)-COLUMN(O5), 5)=2)/(O5:XFD5<>""), O5:XFD5),"Not Submitted")} -> Delete | Q5: Delete | BM5: =MID(F5,20,1) -> E
A6: 4 | B6: =$A$1 -> PSS09_Adani Green Energy 27 A Limited (AGE27AL) | C6: Coupling Transformer | D6: Vendor | E6: Ornet | F6: 6497-ORNT-CTF-GEN-DE-V-0004 | G6: 51H2-E-SEP-IDT-DE-G-V-0004 | H6: ONLINE DRYING SYSTEM DRAWING WITH GUARANRTEED TECHNICAL PARTICULARS | I6: Approval | J6: Drawing | N6: {=_xlfn.IFNA(LOOKUP(2, 1/(MOD(COLUMN(O6:XFD6)-COLUMN(O6), 5)=2)/(O6:XFD6<>""), O6:XFD6),"Not Submitted")} -> Not Submitted | BM6: =MID(F6,20,1) -> E
A7: 5 | B7: =$A$1 -> PSS09_Adani Green Energy 27 A Limited (AGE27AL) | C7: Coupling Transformer | D7: Vendor | E7: Ornet | F7: 6497-ORNT-CTF-GEN-DE-V-0005 | G7: 51H2-E-SEP-IDT-DE-G-V-0005 | H7: EMR NIFPS (Nitrogen Injection & Fire Protection System) Drawings | I7: Approval | J7: Drawing | N7: {=_xlfn.IFNA(LOOKUP(2, 1/(MOD(COLUMN(O7:XFD7)-COLUMN(O7), 5)=2)/(O7:XFD7<>""), O7:XFD7),"Not Submitted")} -> Cat. -I | O7: 46063 | P7: 46079 | Q7: Cat. -I | R7: XXXX-BESS-SITE-T-0001 | BM7: =MID(F7,20,1) -> E
A8: 6 | B8: =$A$1 -> PSS09_Adani Green Energy 27 A Limited (AGE27AL) | C8: Coupling Transformer | D8: Vendor | E8: Ornet | F8: 6497-ORNT-CTF-GEN-DE-D-0001 | G8: 51H2-E-SEP-IDT-DE-D-V-0001 | H8: GTP of IDT | I8: Approval | J8: Document | N8: {=_xlfn.IFNA(LOOKUP(2, 1/(MOD(COLUMN(O8:XFD8)-COLUMN(O8), 5)=2)/(O8:XFD8<>""), O8:XFD8),"Not Submitted")} -> Cat. -I | O8: 46063 | P8: 46079 | Q8: Cat. -I | R8: XXXX-BESS-SITE-T-0001 | BM8: =MID(F8,20,1) -> E
A9: 7 | B9: =$A$1 -> PSS09_Adani Green Energy 27 A Limited (AGE27AL) | C9: Coupling Transformer | D9: Vendor | E9: Ornet | F9: 6497-ORNT-CTF-GEN-DE-M-0001 | G9: 51H2-E-SEP-IDT-DE-M-V-0001 | H9: O&M Manual of IDT | I9: Approval | J9: Document | N9: {=_xlfn.IFNA(LOOKUP(2, 1/(MOD(COLUMN(O9:XFD9)-COLUMN(O9), 5)=2)/(O9:XFD9<>""), O9:XFD9),"Not Submitted")} -> Not Submitted | BM9: =MID(F9,20,1) -> E
A10: 8 | B10: =$A$1 -> PSS09_Adani Green Energy 27 A Limited (AGE27AL) | C10: Coupling Transformer | D10: Vendor | E10: Tesla | F10: 6497-TESL-CTF-GEN-DE-V-0001 | G10: 51H2-E-SEP-IDT-DE-G-V-0001 | H10: GA Drawings with List of Fittings for IDT | I10: Approval | J10: Drawing | K10: 46185 | N10: {=_xlfn.IFNA(LOOKUP(2, 1/(MOD(COLUMN(O10:XFD10)-COLUMN(O10), 5)=2)/(O10:XFD10<>""), O10:XFD10),"Not Submitted")} -> Not Submitted | BM10: =MID(F10,20,1) -> E
A11: 9 | B11: =$A$1 -> PSS09_Adani Green Energy 27 A Limited (AGE27AL) | C11: Coupling Transformer | D11: Vendor | E11: Tesla | F11: 6497-TESL-CTF-GEN-DE-V-0002 | G11: 51H2-E-SEP-IDT-DE-G-V-0002 | H11: GA OF MARSHALLING BOX & WIRING DIAGRAM and SCHEMATIC DIAGRAM OF COOLING SYSTEM | I11: Approval | J11: Drawing | K11: 46185 | N11: {=_xlfn.IFNA(LOOKUP(2, 1/(MOD(COLUMN(O11:XFD11)-COLUMN(O11), 5)=2)/(O11:XFD11<>""), O11:XFD11),"Not Submitted")} -> Not Submitted | BM11: =MID(F11,20,1) -> E
A12: 10 | B12: =$A$1 -> PSS09_Adani Green Energy 27 A Limited (AGE27AL) | C12: Coupling Transformer | D12: Vendor | E12: Tesla | F12: 6497-TESL-CTF-GEN-DE-V-0003 | G12: 51H2-E-SEP-IDT-DE-G-V-0003 | H12: CTR NIFPS (Nitrogen Injection & Fire Protection System) Drawings | I12: Approval | J12: Drawing | K12: 46185 | N12: {=_xlfn.IFNA(LOOKUP(2, 1/(MOD(COLUMN(O12:XFD12)-COLUMN(O12), 5)=2)/(O12:XFD12<>""), O12:XFD12),"Not Submitted")} -> Not Submitted | BM12: =MID(F12,20,1) -> E
A13: 11 | B13: =$A$1 -> PSS09_Adani Green Energy 27 A Limited (AGE27AL) | C13: Coupling Transformer | D13: Vendor | E13: Tesla | F13: 6497-TESL-CTF-GEN-DE-V-0004 | G13: 51H2-E-SEP-IDT-DE-G-V-0004 | H13: ONLINE DRYING SYSTEM DRAWING WITH GUARANRTEED TECHNICAL PARTICULARS | I13: Approval | J13: Drawing | K13: 46185 | N13: {=_xlfn.IFNA(LOOKUP(2, 1/(MOD(COLUMN(O13:XFD13)-COLUMN(O13), 5)=2)/(O13:XFD13<>""), O13:XFD13),"Not Submitted")} -> Not Submitted | BM13: =MID(F13,20,1) -> E
A14: 12 | B14: =$A$1 -> PSS09_Adani Green Energy 27 A Limited (AGE27AL) | C14: Coupling Transformer | D14: Vendor | E14: Tesla | F14: 6497-TESL-CTF-GEN-DE-D-0001 | G14: 51H2-E-SEP-IDT-DE-D-V-0001 | H14: GTP of IDT | I14: Approval | J14: Document | K14: 46185 | N14: {=_xlfn.IFNA(LOOKUP(2, 1/(MOD(COLUMN(O14:XFD14)-COLUMN(O14), 5)=2)/(O14:XFD14<>""), O14:XFD14),"Not Submitted")} -> Not Submitted | BM14: =MID(F14,20,1) -> E
A15: 13 | B15: =$A$1 -> PSS09_Adani Green Energy 27 A Limited (AGE27AL) | C15: Coupling Transformer | D15: Vendor | E15: Tesla | F15: 6497-TESL-CTF-GEN-DE-M-0001 | G15: 51H2-E-SEP-IDT-DE-M-V-0001 | H15: O&M Manual of IDT | I15: Approval | J15: Document | K15: 46185 | N15: {=_xlfn.IFNA(LOOKUP(2, 1/(MOD(COLUMN(O15:XFD15)-COLUMN(O15), 5)=2)/(O15:XFD15<>""), O15:XFD15),"Not Submitted")} -> Not Submitted | BM15: =MID(F15,20,1) -> E
A16: 14 | B16: =$A$1 -> PSS09_Adani Green Energy 27 A Limited (AGE27AL) | C16: Battery | D16: Vendor | E16: CATL | F16: 6497-CATL-BTR-BCL-DE-D-0001 | G16: 51H2-E-BTR-BCL-BE-R-V-0001 | H16: GTP (Technical Paramater detail) for cell | I16: Information | J16: Document | K16: 46052 | N16: {=_xlfn.IFNA(LOOKUP(2, 1/(MOD(COLUMN(O16:XFD16)-COLUMN(O16), 5)=2)/(O16:XFD16<>""), O16:XFD16),"Not Submitted")} -> Cat. -I | Q16: Cat. -I | S16: Document received by Mr. Samrej Vahora on 23.02.2026 | BM16: =MID(F16,20,1) -> E
A17: 15 | B17: =$A$1 -> PSS09_Adani Green Energy 27 A Limited (AGE27AL) | C17: Battery | D17: Vendor | E17: CATL | F17: 6497-CATL-BTR-BCL-DE-G-0001 | G17: 51H2-E-BTR-BAR-DE-D-V-0001 | H17: General Arrangement (GA) drawing for cell | I17: Information | J17: Document | K17: 46052 | N17: {=_xlfn.IFNA(LOOKUP(2, 1/(MOD(COLUMN(O17:XFD17)-COLUMN(O17), 5)=2)/(O17:XFD17<>""), O17:XFD17),"Not Submitted")} -> Delete | Q17: Delete | S17: As per the received mail by Mr. Aditya Pratap Singh_02.02.2026 | BM17: =MID(F17,20,1) -> E
A18: 16 | B18: =$A$1 -> PSS09_Adani Green Energy 27 A Limited (AGE27AL) | C18: Battery | D18: Vendor | E18: CATL | F18: 6497-CATL-BTR-BCL-DE-R-0001 | G18: 51H2-E-BTR-BAR-DE-G-V-0001 | H18: Battery cell certification and compliance report, including detailed model numbers and test results for cell | I18: Information | J18: Drawing | K18: 46052 | L18: 46295 | N18: {=_xlfn.IFNA(LOOKUP(2, 1/(MOD(COLUMN(O18:XFD18)-COLUMN(O18), 5)=2)/(O18:XFD18<>""), O18:XFD18),"Not Submitted")} -> Not Submitted | BM18: =MID(F18,20,1) -> E
A19: 17 | B19: =$A$1 -> PSS09_Adani Green Energy 27 A Limited (AGE27AL) | C19: Battery | D19: Vendor | E19: CATL | F19: 6497-CATL-BTR-BAR-DE-D-0001 | G19: 51H2-E-BTR-BAR-BE-R-V-0001 | H19: GTP (Technical Paramater detail) (Pack, HV box and rack ) for rack | I19: Approval | J19: Document | K19: 46052 | N19: {=_xlfn.IFNA(LOOKUP(2, 1/(MOD(COLUMN(O19:XFD19)-COLUMN(O19), 5)=2)/(O19:XFD19<>""), O19:XFD19),"Not Submitted")} -> Cat. -I | Q19: Cat. -I | S19: Document received by Mr. Samrej Vahora on 23.02.2026 | BM19: =MID(F19,20,1) -> E
A20: 18 | B20: =$A$1 -> PSS09_Adani Green Energy 27 A Limited (AGE27AL) | C20: Battery | D20: Vendor | E20: CATL | F20: 6497-CATL-BTR-BAR-DE-G-0001 | G20: 51H2-E-BTR-BCN-DE-D-V-0001 | H20: GA Drawing (PDF &CAD file ) showing component layout and dimensions for rack 1- Battery Pack 2- HV box with Rack Frame | I20: Approval | J20: Document | K20: 46052 | N20: {=_xlfn.IFNA(LOOKUP(2, 1/(MOD(COLUMN(O20:XFD20)-COLUMN(O20), 5)=2)/(O20:XFD20<>""), O20:XFD20),"Not Submitted")} -> Delete | Q20: Delete | S20: As per the received mail by Mr. Aditya Pratap Singh_02.02.2026 | BM20: =MID(F20,20,1) -> E
A21: 19 | B21: =$A$1 -> PSS09_Adani Green Energy 27 A Limited (AGE27AL) | C21: Battery | D21: Vendor | E21: CATL | F21: 6497-CATL-BTR-BAR-DE-R-0001 | G21: 51H2-E-BTR-BCN-DE-G-V-0001 | H21: Certification and test report for battery rack, including model numbers and compliance data for rack | I21: Information | J21: Drawing | K21: 46052 | N21: {=_xlfn.IFNA(LOOKUP(2, 1/(MOD(COLUMN(O21:XFD21)-COLUMN(O21), 5)=2)/(O21:XFD21<>""), O21:XFD21),"Not Submitted")} -> Cat. -IV | Q21: Cat. -IV | S21: Document received by Mr. Samrej Vahora on 27.06.2026 | BM21: =MID(F21,20,1) -> E
A22: 20 | B22: =$A$1 -> PSS09_Adani Green Energy 27 A Limited (AGE27AL) | C22: Battery | D22: Vendor | E22: CATL | F22: 6497-CATL-BTR-BCN-DE-D-0001 | G22: 51H2-E-BTR-BCN-BE-R-V-0001 | H22: GTP (Technical Paramater detail) for Container | I22: Approval | J22: Document | K22: 46052 | N22: {=_xlfn.IFNA(LOOKUP(2, 1/(MOD(COLUMN(O22:XFD22)-COLUMN(O22), 5)=2)/(O22:XFD22<>""), O22:XFD22),"Not Submitted")} -> Cat. -I | Q22: Cat. -I | S22: Document received by Mr. Samrej Vahora on 23.02.2026 | BM22: =MID(F22,20,1) -> E
A23: 21 | B23: =$A$1 -> PSS09_Adani Green Energy 27 A Limited (AGE27AL) | C23: Battery | D23: Vendor | E23: CATL | F23: 6497-CATL-BTR-BCN-DE-G-0001 | G23: 51H2-E-BTR-FSS-DE-D-V-0001 | H23: General Arrangement (GA) drawing in PDF and CAD formats, including detailed footing dimensions for Container | I23: Approval | J23: Document | K23: 46052 | N23: {=_xlfn.IFNA(LOOKUP(2, 1/(MOD(COLUMN(O23:XFD23)-COLUMN(O23), 5)=2)/(O23:XFD23<>""), O23:XFD23),"Not Submitted")} -> Cat. -I | Q23: Cat. -I | S23: Document received by Mr. Samrej Vahora on 26.02.2026 | BM23: =MID(F23,20,1) -> E
A24: 22 | B24: =$A$1 -> PSS09_Adani Green Energy 27 A Limited (AGE27AL) | C24: Battery | D24: Vendor | E24: CATL | F24: 6497-CATL-BTR-BCN-DE-R-0001 | G24: 51H2-E-BTR-FSS-DE-G-V-0001 | H24: BESS container Certification and test report, including model numbers and compliance data for Container | I24: Information | J24: Drawing | K24: 46052 | N24: {=_xlfn.IFNA(LOOKUP(2, 1/(MOD(COLUMN(O24:XFD24)-COLUMN(O24), 5)=2)/(O24:XFD24<>""), O24:XFD24),"Not Submitted")} -> Cat. -IV | Q24: Cat. -IV | S24: Document received by Mr. Kunal on 23.06.2026 | BM24: =MID(F24,20,1) -> E
A25: 23 | B25: =$A$1 -> PSS09_Adani Green Energy 27 A Limited (AGE27AL) | C25: Battery | D25: Vendor | E25: CATL | F25: 6497-CATL-BTR-FSS-DE-D-0001 | G25: 51H2-E-BTR-FSS-BE-R-V-0001 | H25: GTP (Technical Paramater detail) for FSS | I25: Approval | J25: Document | K25: 46052 | N25: {=_xlfn.IFNA(LOOKUP(2, 1/(MOD(COLUMN(O25:XFD25)-COLUMN(O25), 5)=2)/(O25:XFD25<>""), O25:XFD25),"Not Submitted")} -> Cat. -I | Q25: Cat. -I | S25: Document received by Mr. Samrej Vahora on 26.02.2026 | BM25: =MID(F25,20,1) -> E
A26: 24 | B26: =$A$1 -> PSS09_Adani Green Energy 27 A Limited (AGE27AL) | C26: Battery | D26: Vendor | E26: CATL | F26: 6497-CATL-BTR-FSS-DE-G-0001 | G26: 51H2-E-BTR-DCA-DE-D-V-0001 | H26: GA FOR FSS | I26: Approval | J26: Document | K26: 46052 | N26: {=_xlfn.IFNA(LOOKUP(2, 1/(MOD(COLUMN(O26:XFD26)-COLUMN(O26), 5)=2)/(O26:XFD26<>""), O26:XFD26),"Not Submitted")} -> Delete | Q26: Delete | S26: As per the received mail by Mr. Aditya Pratap Singh_02.02.2026 | BM26: =MID(F26,20,1) -> E
A27: 25 | B27: =$A$1 -> PSS09_Adani Green Energy 27 A Limited (AGE27AL) | C27: Battery | D27: Vendor | E27: CATL | F27: 6497-CATL-BTR-FSS-DE-D-0002 | G27: 51H2-E-BTR-DCA-DE-G-V-0001 | H27: FSS component details as per given format for FSS | I27: Information | J27: Drawing | K27: 46052 | N27: {=_xlfn.IFNA(LOOKUP(2, 1/(MOD(COLUMN(O27:XFD27)-COLUMN(O27), 5)=2)/(O27:XFD27<>""), O27:XFD27),"Not Submitted")} -> Cat. -IV | Q27: Cat. -IV | S27: Document received by Mr. Samrej Vahora on 26.02.2026 | BM27: =MID(F27,20,1) -> E
A28: 26 | B28: =$A$1 -> PSS09_Adani Green Energy 27 A Limited (AGE27AL) | C28: Battery | D28: Vendor | E28: CATL | F28: 6497-CATL-BTR-FSS-DE-R-0001 | G28: 51H2-E-BTR-DCA-BE-R-V-0001 | H28: FSS Certification and test report, including model numbers,compliance data and design calculation of aerosol and venting area for FSS | I28: Information | J28: Document | K28: 46052 | N28: {=_xlfn.IFNA(LOOKUP(2, 1/(MOD(COLUMN(O28:XFD28)-COLUMN(O28), 5)=2)/(O28:XFD28<>""), O28:XFD28),"Not Submitted")} -> Cat. -IV | Q28: Cat. -IV | S28: Document received by Mr. Samrej Vahora on 09.07.2026 | BM28: =MID(F28,20,1) -> E
A29: 27 | B29: =$A$1 -> PSS09_Adani Green Energy 27 A Limited (AGE27AL) | C29: Battery | D29: Vendor | E29: CATL | F29: 6497-CATL-BTR-DCA-DE-D-0001 | G29: 51H2-E-BTR-HVA-DE-D-V-0001 | H29: GTP (Technical Paramater detail) for DC Cable Termination Cabinet | I29: Approval | J29: Document | K29: 46052 | N29: {=_xlfn.IFNA(LOOKUP(2, 1/(MOD(COLUMN(O29:XFD29)-COLUMN(O29), 5)=2)/(O29:XFD29<>""), O29:XFD29),"Not Submitted")} -> Cat. -I | Q29: Cat. -I | S29: Document received by Mr. Samrej Vahora on 23.02.2026 | BM29: =MID(F29,20,1) -> E
A30: 28 | B30: =$A$1 -> PSS09_Adani Green Energy 27 A Limited (AGE27AL) | C30: Battery | D30: Vendor | E30: CATL | F30: 6497-CATL-BTR-DCA-DE-G-0001 | G30: 51H2-E-BTR-HVA-DE-G-V-0001 | H30: GA for DC Cable Termination Cabinet 1- CAD file & PDF 2- Terminal busbar drawing include hole size and position with lug integrated (shared by adani) 3-Detailed layout showing cable entry points and termination locations | I30: Approval | J30: Drawing | K30: 46052 | N30: {=_xlfn.IFNA(LOOKUP(2, 1/(MOD(COLUMN(O30:XFD30)-COLUMN(O30), 5)=2)/(O30:XFD30<>""), O30:XFD30),"Not Submitted")} -> Cat. -I | Q30: Cat. -I | S30: Document received by Mr. Samrej Vahora on 23.02.2026 | BM30: =MID(F30,20,1) -> E
... A46: 44 | B46: =$A$1 -> PSS09_Adani Green Energy 27 A Limited (AGE27AL) | C46: Battery | D46: Vendor | E46: CATL | F46: 6497-CATL-BTR-GEN-DE-O-0002 | G46: 51H2-E-BTR-GEN-DE-D-V-0002 | H46: Model for System Design and Aux Calculation based on Ambient. | I46: Approval | J46: Document | K46: 46052 | N46: {=_xlfn.IFNA(LOOKUP(2, 1/(MOD(COLUMN(O46:XFD46)-COLUMN(O46), 5)=2)/(O46:XFD46<>""), O46:XFD46),"Not Submitted")} -> Cat. -I | Q46: Cat. -I | S46: Document received by Mr. Samrej Vahora on 23.02.2026 | BM46: =MID(F46,20,1) -> E
A47: 45 | B47: =$A$1 -> PSS09_Adani Green Energy 27 A Limited (AGE27AL) | C47: Battery | D47: Vendor | E47: CATL | F47: 6497-CATL-BTR-GEN-DE-O-0004 | G47: 51H2-E-BTR-GEN-DE-D-V-0003 | H47: Degradation profile considering cycle per day, DoD, temperature, etc. | I47: Approval | K47: 46052 | N47: {=_xlfn.IFNA(LOOKUP(2, 1/(MOD(COLUMN(O47:XFD47)-COLUMN(O47), 5)=2)/(O47:XFD47<>""), O47:XFD47),"Not Submitted")} -> Cat. -I | Q47: Cat. -I | S47: Document received by Mr. Samrej Vahora on 23.02.2026 | BM47: =MID(F47,20,1) -> E
A48: 46 | B48: =$A$1 -> PSS09_Adani Green Energy 27 A Limited (AGE27AL) | C48: Battery | D48: Vendor | E48: CATL | F48: 6497-CATL-BTR-GEN-DE-D-0001 | G48: 51H2-E-BTR-GEN-DE-O-V-0005 | H48: BESS Container Communication Interface & Scheme, Port details | I48: Information | K48: 46052 | N48: {=_xlfn.IFNA(LOOKUP(2, 1/(MOD(COLUMN(O48:XFD48)-COLUMN(O48), 5)=2)/(O48:XFD48<>""), O48:XFD48),"Not Submitted")} -> Cat. -IV | Q48: Cat. -IV | S48: Document received by Mr. Samrej Vahora on 26.02.2026 | BM48: =MID(F48,20,1) -> E
A49: 47 | B49: =$A$1 -> PSS09_Adani Green Energy 27 A Limited (AGE27AL) | C49: Battery | D49: Vendor | E49: CATL | F49: 6497-CATL-BTR-GEN-DE-M-0001 | G49: 51H2-E-BTR-GEN-DE-O-V-0006 | H49: O&M Manual and Installation & Transportation Manual | I49: Information | K49: 46052 | N49: {=_xlfn.IFNA(LOOKUP(2, 1/(MOD(COLUMN(O49:XFD49)-COLUMN(O49), 5)=2)/(O49:XFD49<>""), O49:XFD49),"Not Submitted")} -> Cat. -IV | Q49: Cat. -IV | S49: Document received by Mr. Samrej Vahora on 26.02.2026 | BM49: =MID(F49,20,1) -> E
A50: 48 | B50: =$A$1 -> PSS09_Adani Green Energy 27 A Limited (AGE27AL) | C50: Battery | D50: Vendor | E50: CATL | F50: 6497-CATL-BTR-GEN-DE-B-0001 | G50: 51H2-E-BTR-GEN-DE-N-V-0001 | H50: BOQ and spare parts list (all component list pack level, HV box, rack level, container level,etc..) | I50: Approval | K50: 46052 | N50: {=_xlfn.IFNA(LOOKUP(2, 1/(MOD(COLUMN(O50:XFD50)-COLUMN(O50), 5)=2)/(O50:XFD50<>""), O50:XFD50),"Not Submitted")} -> Cat. -IV | Q50: Cat. -IV | S50: Document received by Mr. Samrej Vahora on 27.06.2026 | BM50: =MID(F50,20,1) -> E
A51: 49 | B51: =$A$1 -> PSS09_Adani Green Energy 27 A Limited (AGE27AL) | C51: Battery | D51: Vendor | E51: CATL | F51: 6497-CATL-BTR-GEN-DE-R-0001 | G51: 51H2-E-BTR-GEN-DE-D-V-0004 | H51: Certification Summary | I51: Information | K51: 46052 | N51: {=_xlfn.IFNA(LOOKUP(2, 1/(MOD(COLUMN(O51:XFD51)-COLUMN(O51), 5)=2)/(O51:XFD51<>""), O51:XFD51),"Not Submitted")} -> Cat. -IV | Q51: Cat. -IV | S51: Document received by Mr. Samrej Vahora on 27.06.2026 | BM51: =MID(F51,20,1) -> E
A52: 50 | B52: =$A$1 -> PSS09_Adani Green Energy 27 A Limited (AGE27AL) | C52: Battery | D52: Vendor | E52: CATL | F52: 6497-CATL-BTR-GEN-DE-D-0002 | G52: 51H2-E-BTR-BCL-DE-R-V-0101 | H52: Details of BMS ethernet port for interface with EMS. | I52: Information | J52: Document | K52: 46052 | N52: {=_xlfn.IFNA(LOOKUP(2, 1/(MOD(COLUMN(O52:XFD52)-COLUMN(O52), 5)=2)/(O52:XFD52<>""), O52:XFD52),"Not Submitted")} -> Cat. -IV | Q52: Cat. -IV | S52: Document received by Mr. Krunal on 02.03.2026 | BM52: =MID(F52,20,1) -> E
A53: 51 | B53: =$A$1 -> PSS09_Adani Green Energy 27 A Limited (AGE27AL) | C53: Battery | D53: Vendor | E53: CATL | F53: 6497-CATL-BTR-GEN-DE-O-0005 | G53: 51H2-E-BTR-BAR-DE-D-V-0101 | H53: Modbus mapping register with complete description for all parameters. | I53: Information | J53: Document | K53: 46052 | N53: {=_xlfn.IFNA(LOOKUP(2, 1/(MOD(COLUMN(O53:XFD53)-COLUMN(O53), 5)=2)/(O53:XFD53<>""), O53:XFD53),"Not Submitted")} -> Cat. -IV | Q53: Cat. -IV | S53: Document received by Mr. Samrej Vahora on 26.02.2026 | BM53: =MID(F53,20,1) -> E
A54: 52 | B54: =$A$1 -> PSS09_Adani Green Energy 27 A Limited (AGE27AL) | C54: Battery | D54: Vendor | E54: CATL | F54: 6497-CATL-BTR-GEN-DE-N-0001 | G54: 51H2-E-BTR-BAR-DE-G-V-0101 | H54: BMS control philoshophy (Fail secnerios, mode of operation, Setpoints, Moderate/ mild/Severe alarm actions ) | I54: Information | J54: Drawing | K54: 46052 | N54: {=_xlfn.IFNA(LOOKUP(2, 1/(MOD(COLUMN(O54:XFD54)-COLUMN(O54), 5)=2)/(O54:XFD54<>""), O54:XFD54),"Not Submitted")} -> Cat. -IV | Q54: Cat. -IV | S54: Document received by Mr. Samrej Vahora on 23.02.2026 | BM54: =MID(F54,20,1) -> E
A55: 53 | B55: =$A$1 -> PSS09_Adani Green Energy 27 A Limited (AGE27AL) | C55: Battery | D55: Vendor | E55: CATL | F55: 6497-CATL-BTR-GEN-DE-D-0003 | G55: 51H2-E-BTR-BAR-BE-R-V-0101 | H55: BMS make and technical datasheet | I55: Information | J55: Document | K55: 46052 | N55: {=_xlfn.IFNA(LOOKUP(2, 1/(MOD(COLUMN(O55:XFD55)-COLUMN(O55), 5)=2)/(O55:XFD55<>""), O55:XFD55),"Not Submitted")} -> Cat. -IV | Q55: Cat. -IV | S55: Document received by Mr. Samrej Vahora on 23.02.2026 | BM55: =MID(F55,20,1) -> E
A56: 54 | B56: =$A$1 -> PSS09_Adani Green Energy 27 A Limited (AGE27AL) | C56: PCS | D56: Vendor | E56: Inovance | F56: 6497-INOV-PCS-GEN-DE-N-0001 | G56: 51H2-E-PCS-GEN-DE-N-V-0001 | H56: System & Function Descriptions of PCS | I56: Information | J56: Drawing | N56: {=_xlfn.IFNA(LOOKUP(2, 1/(MOD(COLUMN(O56:XFD56)-COLUMN(O56), 5)=2)/(O56:XFD56<>""), O56:XFD56),"Not Submitted")} -> Cat. -IV | Q56: Cat. -IV | S56: Document received by Mr. Samrej Vahora on 23.02.2026 | BM56: =MID(F56,20,1) -> E
A57: 55 | B57: =$A$1 -> PSS09_Adani Green Energy 27 A Limited (AGE27AL) | C57: PCS | D57: Vendor | E57: Inovance | F57: 6497-INOV-PCS-GEN-DE-D-0001 | G57: 51H2-E-PCS-GEN-DE-N-V-0002 | H57: GTP of PCS | I57: Approval | J57: Drawing | N57: {=_xlfn.IFNA(LOOKUP(2, 1/(MOD(COLUMN(O57:XFD57)-COLUMN(O57), 5)=2)/(O57:XFD57<>""), O57:XFD57),"Not Submitted")} -> Cat. -I_Star | Q57: Cat. -I_Star | S57: Document received by Mr. Samrej Vahora on 23.02.2026 | BM57: =MID(F57,20,1) -> E
A58: 56 | B58: =$A$1 -> PSS09_Adani Green Energy 27 A Limited (AGE27AL) | C58: PCS | D58: Vendor | E58: Inovance | F58: 6497-INOV-PCS-GEN-DE-G-0001 | G58: 51H2-E-PCS-GEN-DE-N-V-0003 | H58: General Arrangements Drawing – PCS | I58: Approval | J58: Drawing | N58: {=_xlfn.IFNA(LOOKUP(2, 1/(MOD(COLUMN(O58:XFD58)-COLUMN(O58), 5)=2)/(O58:XFD58<>""), O58:XFD58),"Not Submitted")} -> Cat. -I | Q58: Cat. -I | S58: Document received by Mr. Krunalkumar Patel on 05.03.2026 | BM58: =MID(F58,20,1) -> E
A59: 57 | B59: =$A$1 -> PSS09_Adani Green Energy 27 A Limited (AGE27AL) | C59: PCS | D59: Vendor | E59: Inovance | F59: 6497-INOV-PCS-GEN-DE-O-0001 | G59: 51H2-E-PCS-GEN-DE-G-V-0001 | H59: PCS 3D Model | I59: Information | J59: Drawing | N59: {=_xlfn.IFNA(LOOKUP(2, 1/(MOD(COLUMN(O59:XFD59)-COLUMN(O59), 5)=2)/(O59:XFD59<>""), O59:XFD59),"Not Submitted")} -> Cat. -IV | Q59: Cat. -IV | S59: Document received by Mr. Krunalkumar Patel on 16.04.2026 | BM59: =MID(F59,20,1) -> E
A60: 58 | B60: =$A$1 -> PSS09_Adani Green Energy 27 A Limited (AGE27AL) | C60: PCS | D60: Vendor | E60: Inovance | F60: 6497-INOV-PCS-GEN-DE-R-0001 | G60: 51H2-E-PCS-PCS-DE-L-V-0001 | H60: PCS Desing Basis Report | I60: Approval | J60: Drawing | N60: {=_xlfn.IFNA(LOOKUP(2, 1/(MOD(COLUMN(O60:XFD60)-COLUMN(O60), 5)=2)/(O60:XFD60<>""), O60:XFD60),"Not Submitted")} -> delete | Q60: delete | S60: As per the received mail by Mr. Tinkle Khalasi_18.04.2026 | BM60: =MID(F60,20,1) -> E
A61: 59 | B61: =$A$1 -> PSS09_Adani Green Energy 27 A Limited (AGE27AL) | C61: PCS | D61: Vendor | E61: Inovance | F61: 6497-INOV-PCS-GEN-DE-O-0002 | G61: 51H2-E-PCS-PCS-DE-I-V-0001 51H2-E-PCS-PCS-DE-I-V-0002 | H61: System level thermal profile as per site condition | I61: Information | J61: Drawing | N61: {=_xlfn.IFNA(LOOKUP(2, 1/(MOD(COLUMN(O61:XFD61)-COLUMN(O61), 5)=2)/(O61:XFD61<>""), O61:XFD61),"Not Submitted")} -> Cat. -I_Star | Q61: Cat. -I_Star | S61: Document received by Mr. Samrej Vahora on 23.02.2026 | BM61: =MID(F61,20,1) -> E
A62: 60 | B62: =$A$1 -> PSS09_Adani Green Energy 27 A Limited (AGE27AL) | C62: PCS | D62: Vendor | E62: Inovance | F62: 6497-INOV-PCS-GEN-DE-E-0002 | G62: 51H2-E-PCS-PCS-BE-R-V-0001 | H62: PCS schematic wiring drawings | I62: Approval | J62: Document | N62: {=_xlfn.IFNA(LOOKUP(2, 1/(MOD(COLUMN(O62:XFD62)-COLUMN(O62), 5)=2)/(O62:XFD62<>""), O62:XFD62),"Not Submitted")} -> Cat. -I_Star | Q62: Cat. -I_Star | S62: Document received by Mr. Samrej Vahora on 23.02.2026 | BM62: =MID(F62,20,1) -> E
A63: 61 | B63: =$A$1 -> PSS09_Adani Green Energy 27 A Limited (AGE27AL) | C63: PCS | D63: Vendor | E63: Inovance | F63: 6497-INOV-PCS-GEN-DE-B-0001 | G63: 51H2-E-PCS-GEN-DE-B-V-0001 | H63: Bill of material | I63: Approval | J63: Document | N63: {=_xlfn.IFNA(LOOKUP(2, 1/(MOD(COLUMN(O63:XFD63)-COLUMN(O63), 5)=2)/(O63:XFD63<>""), O63:XFD63),"Not Submitted")} -> Cat. -I_Star | Q63: Cat. -I_Star | S63: Document received by Mr. Samrej Vahora on 23.02.2026 | BM63: =MID(F63,20,1) -> E
A64: 62 | B64: =$A$1 -> PSS09_Adani Green Energy 27 A Limited (AGE27AL) | C64: PCS | D64: Vendor | E64: Inovance | F64: 6497-INOV-PCS-GEN-DE-I-0001 | G64: 51H2-E-PCS-PCS-DE-O-V-0001 | H64: Interconnection Drawings | I64: Approval | J64: Drawing | N64: {=_xlfn.IFNA(LOOKUP(2, 1/(MOD(COLUMN(O64:XFD64)-COLUMN(O64), 5)=2)/(O64:XFD64<>""), O64:XFD64),"Not Submitted")} -> Cat. -II | Q64: Cat. -II | S64: Document received by Mr. Krunalkumar Patel on 05.03.2026 | BM64: =MID(F64,20,1) -> E
A65: 63 | B65: =$A$1 -> PSS09_Adani Green Energy 27 A Limited (AGE27AL) | C65: PCS | D65: Vendor | E65: Inovance | F65: 6497-INOV-PCS-GEN-DE-G-0003 | G65: 51H2-E-PCS-PCS-DE-J-V-0001 | H65: Construction and installation drawing | I65: Approval | J65: Drawing | N65: {=_xlfn.IFNA(LOOKUP(2, 1/(MOD(COLUMN(O65:XFD65)-COLUMN(O65), 5)=2)/(O65:XFD65<>""), O65:XFD65),"Not Submitted")} -> Cat. -II | Q65: Cat. -II | S65: Document received by Mr. Krunalkumar Patel on 09.03.2026 | BM65: =MID(F65,20,1) -> E
A66: 64 | B66: =$A$1 -> PSS09_Adani Green Energy 27 A Limited (AGE27AL) | C66: PCS | D66: Vendor | E66: Inovance | F66: 6497-INOV-PCS-GEN-DE-M-0001 | G66: 51H2-E-PCS-GEN-DE-G-V-0002 | H66: O & M manual | I66: Information | J66: Drawing | N66: {=_xlfn.IFNA(LOOKUP(2, 1/(MOD(COLUMN(O66:XFD66)-COLUMN(O66), 5)=2)/(O66:XFD66<>""), O66:XFD66),"Not Submitted")} -> Cat. -IV | Q66: Cat. -IV | S66: Document received by Mr. Samrej Vahora on 23.02.2026 | BM66: =MID(F66,20,1) -> E
A67: 65 | B67: =$A$1 -> PSS09_Adani Green Energy 27 A Limited (AGE27AL) | C67: PCS | D67: Vendor | E67: Inovance | F67: 6497-INOV-PCS-GEN-DE-B-0002 | G67: 51H2-E-PCS-GEN-DE-G-V-0003 | H67: Maintenance schedule and activity plan | I67: Approval | J67: Drawing | N67: {=_xlfn.IFNA(LOOKUP(2, 1/(MOD(COLUMN(O67:XFD67)-COLUMN(O67), 5)=2)/(O67:XFD67<>""), O67:XFD67),"Not Submitted")} -> Cat. -IV | Q67: Cat. -IV | S67: Document received by Mr. Samrej Vahora on 23.02.2026 | BM67: =MID(F67,20,1) -> E
... A85: 83 | B85: =$A$1 -> PSS09_Adani Green Energy 27 A Limited (AGE27AL) | C85: PCS | D85: Vendor | E85: Inovance | F85: 6497-INOV-PCS-GEN-DE-O-0005 | G85: 51H2-E-PCS-PCS-DE-B-V-0002 | H85: Detailed Lock-out Procedure and Equipment safety Procedure | I85: Information | J85: Document | N85: {=_xlfn.IFNA(LOOKUP(2, 1/(MOD(COLUMN(O85:XFD85)-COLUMN(O85), 5)=2)/(O85:XFD85<>""), O85:XFD85),"Not Submitted")} -> Cat. -IV | Q85: Cat. -IV | S85: Document received by Mr. Krunalkumar Patel on 05.03.2026 | BM85: =MID(F85,20,1) -> E
A86: 84 | B86: =$A$1 -> PSS09_Adani Green Energy 27 A Limited (AGE27AL) | C86: PCS | D86: Vendor | E86: Inovance | F86: 6497-INOV-PCS-GEN-DE-L-0001 | G86: 51H2-E-PCS-PCS-DE-I-V-0004 | H86: 2D drawing | J86: Drawing | N86: {=_xlfn.IFNA(LOOKUP(2, 1/(MOD(COLUMN(O86:XFD86)-COLUMN(O86), 5)=2)/(O86:XFD86<>""), O86:XFD86),"Not Submitted")} -> Under Review | Q86: Under Review | S86: Document received by Mr. Krunalkumar Patel on 05.03.2026 | BM86: =MID(F86,20,1) -> E
A87: 85 | B87: =$A$1 -> PSS09_Adani Green Energy 27 A Limited (AGE27AL) | C87: PCS | D87: Vendor | E87: Inovance | F87: 6497-INOV-PCS-GEN-DE-L-0002 | G87: 51H2-E-PCS-PCS-DE-O-V-0003 | H87: 3D Drawing | J87: Drawing | N87: {=_xlfn.IFNA(LOOKUP(2, 1/(MOD(COLUMN(O87:XFD87)-COLUMN(O87), 5)=2)/(O87:XFD87<>""), O87:XFD87),"Not Submitted")} -> Cat. -IV | Q87: Cat. -IV | S87: Document received by Mr. krunal on 03.03.2026 | BM87: =MID(F87,20,1) -> E
A88: 86 | B88: =$A$1 -> PSS09_Adani Green Energy 27 A Limited (AGE27AL) | C88: PCS | D88: Vendor | E88: Inovance | F88: 6497-INOV-PCS-GEN-DE-O-0006 | G88: 51H2-E-PCS-PCS-DE-M-V-0004 | H88: PSSE Model | J88: Document | N88: {=_xlfn.IFNA(LOOKUP(2, 1/(MOD(COLUMN(O88:XFD88)-COLUMN(O88), 5)=2)/(O88:XFD88<>""), O88:XFD88),"Not Submitted")} -> Cat. -IV | Q88: Cat. -IV | S88: Document received by Mr. krunal on 03.03.2026 | BM88: =MID(F88,20,1) -> E
A89: 87 | B89: =$A$1 -> PSS09_Adani Green Energy 27 A Limited (AGE27AL) | C89: PCS | D89: Vendor | E89: Inovance | F89: 6497-INOV-PCS-GEN-DE-O-0007 | G89: 51H2-E-PCS-PCS-DE-O-V-0004 | H89: PSCAD Model | J89: Drawing | N89: {=_xlfn.IFNA(LOOKUP(2, 1/(MOD(COLUMN(O89:XFD89)-COLUMN(O89), 5)=2)/(O89:XFD89<>""), O89:XFD89),"Not Submitted")} -> Cat. -IV | Q89: Cat. -IV | S89: Document received by Mr. krunal on 03.03.2026 | BM89: =MID(F89,20,1) -> E
A90: 88 | B90: =$A$1 -> PSS09_Adani Green Energy 27 A Limited (AGE27AL) | C90: CSS | D90: Vendor | E90: Akshar | F90: 6497-AKSR-CSS-GEN-DE-G-0001 | G90: 51H2-E-SGR-AUT-DE-O-V-0001 | H90: Detailed drawings for 2500KVA, 33 KV CSS (Auxilary Transformer) with Civil foundation | I90: Approval | J90: Drawing | K90: 46053 | N90: {=_xlfn.IFNA(LOOKUP(2, 1/(MOD(COLUMN(O90:XFD90)-COLUMN(O90), 5)=2)/(O90:XFD90<>""), O90:XFD90),"Not Submitted")} -> Cat. -II | O90: NR | T90: NR | U90: 46058 | V90: Cat. -II | BM90: =MID(F90,20,1) -> E
A91: 89 | B91: =$A$1 -> PSS09_Adani Green Energy 27 A Limited (AGE27AL) | C91: HT Panel-Outdoor | D91: Vendor | E91: Popular SGR | F91: 6497-PSGR-OHP-HGR-DE-G-0001 | G91: 51H2-E-SGR-HGR-DE-G-V-0001 | H91: GA and Electrical drawing(SLD& Scheme) with BOM (With Foundation Drawing) | K91: 46142 | N91: {=_xlfn.IFNA(LOOKUP(2, 1/(MOD(COLUMN(O91:XFD91)-COLUMN(O91), 5)=2)/(O91:XFD91<>""), O91:XFD91),"Not Submitted")} -> Cat. -I | O91: NR | P91: 46163 | Q91: Cat. -I | R91: XXXX-BESS-SITE-T-0001 | BM91: =MID(F91,20,1) -> E
A92: 90 | B92: =$A$1 -> PSS09_Adani Green Energy 27 A Limited (AGE27AL) | C92: ACDB | D92: Vendor | E92: Prima Automation | F92: 6497-PRMA-ACD-GEN-DE-G-0001 | G92: 51H2-E-SGR-ACD-DE-G-V-0001 | H92: GA and Electrical drawing with BOM (With Foundation Drawing) | K92: 46050 | N92: {=_xlfn.IFNA(LOOKUP(2, 1/(MOD(COLUMN(O92:XFD92)-COLUMN(O92), 5)=2)/(O92:XFD92<>""), O92:XFD92),"Not Submitted")} -> Cat. -I | O92: NR | P92: 46197 | Q92: Cat. -I | T92: NR | U92: 46206 | V92: Cat. -I | X92: Rev.07 | BM92: =MID(F92,20,1) -> E
A93: 91 | B93: =$A$1 -> PSS09_Adani Green Energy 27 A Limited (AGE27AL) | C93: EMS | D93: Vendor | E93: Vendor | F93: 6497-XXXX-EMS-GEN-DI-D-0001 | G93: 51H2-E-CNI-EMS-DE-D-V-0001 | H93: Control and communication data sheet | J93: Document | N93: {=_xlfn.IFNA(LOOKUP(2, 1/(MOD(COLUMN(O93:XFD93)-COLUMN(O93), 5)=2)/(O93:XFD93<>""), O93:XFD93),"Not Submitted")} -> Not Submitted | BM93: =MID(F93,20,1) -> I
A94: 92 | B94: =$A$1 -> PSS09_Adani Green Energy 27 A Limited (AGE27AL) | C94: HT Cable | D94: Vendor | E94: Vendor | F94: 6497-XXXX-HTC-GEN-DE-D-0001 | G94: 51H2-E-HLC-HTC-DE-D-V-0001 | H94: GTP FOR 3C X 400 SQMM HT CABLE. | N94: {=_xlfn.IFNA(LOOKUP(2, 1/(MOD(COLUMN(O94:XFD94)-COLUMN(O94), 5)=2)/(O94:XFD94<>""), O94:XFD94),"Not Submitted")} -> Not Submitted | BM94: =MID(F94,20,1) -> E
A95: 93 | B95: =$A$1 -> PSS09_Adani Green Energy 27 A Limited (AGE27AL) | C95: HT Cable | D95: Vendor | E95: Vendor | F95: 6497-XXXX-HTC-GEN-DE-D-0001 | G95: 51H2-E-HLC-HTC-DE-D-V-0002 | H95: GTP FOR 3C X 400 SQMM HT CABLE. | N95: {=_xlfn.IFNA(LOOKUP(2, 1/(MOD(COLUMN(O95:XFD95)-COLUMN(O95), 5)=2)/(O95:XFD95<>""), O95:XFD95),"Not Submitted")} -> Not Submitted | BM95: =MID(F95,20,1) -> E
A96: 94 | B96: =$A$1 -> PSS09_Adani Green Energy 27 A Limited (AGE27AL) | C96: LT Cable | D96: Vendor | E96: Vendor | F96: 6497-XXXX-LTC-GEN-DE-D-0001 | G96: 51H2-E-HLC-LTC-DE-D-V-0001 | H96: GTP FOR 1CX400 SQQM LT CABLE | N96: {=_xlfn.IFNA(LOOKUP(2, 1/(MOD(COLUMN(O96:XFD96)-COLUMN(O96), 5)=2)/(O96:XFD96<>""), O96:XFD96),"Not Submitted")} -> Not Submitted | BM96: =MID(F96,20,1) -> E
A97: 95 | B97: =$A$1 -> PSS09_Adani Green Energy 27 A Limited (AGE27AL) | C97: LT Cable | D97: Vendor | E97: Vendor | F97: 6497-XXXX-LTC-GEN-DE-D-0001 | G97: 51H2-E-HLC-LTC-DE-D-V-0002 | H97: GTP FOR 3.5Cx300 sq mm, 3.5Cx50 sq mm LT CABLE | N97: {=_xlfn.IFNA(LOOKUP(2, 1/(MOD(COLUMN(O97:XFD97)-COLUMN(O97), 5)=2)/(O97:XFD97<>""), O97:XFD97),"Not Submitted")} -> Not Submitted | BM97: =MID(F97,20,1) -> E
A98: 96 | B98: =$A$1 -> PSS09_Adani Green Energy 27 A Limited (AGE27AL) | C98: Control Cable | D98: Vendor | E98: Vendor | F98: 6497-XXXX-CIC-GEN-DE-D-0001 | G98: 51H2-E-HLC-CIC-DE-D-V-0001 | H98: GTP of LT 1.1 kV YWY CONTROL CABLE (3C X 2.5 SQ.MM., 5C X 2.5 SQ.MM., 7C X 2.5 SQ.MM., & 4C X 6 SQ.MM.) & A2XFY POWER CABLE (4CX25 SQ.MM.) | N98: {=_xlfn.IFNA(LOOKUP(2, 1/(MOD(COLUMN(O98:XFD98)-COLUMN(O98), 5)=2)/(O98:XFD98<>""), O98:XFD98),"Not Submitted")} -> Not Submitted | BM98: =MID(F98,20,1) -> E
A99: 97 | B99: =$A$1 -> PSS09_Adani Green Energy 27 A Limited (AGE27AL) | C99: Opteical fiber cable | D99: Vendor | E99: Vendor | F99: 6497-XXXX-OFC-GEN-DE-D-0001 | G99: 51H2-E-HLC-CIC-DE-D-V-0002 | H99: 12F G.652D MT DS ARMOURED Optical Fiber Cable | N99: {=_xlfn.IFNA(LOOKUP(2, 1/(MOD(COLUMN(O99:XFD99)-COLUMN(O99), 5)=2)/(O99:XFD99<>""), O99:XFD99),"Not Submitted")} -> Not Submitted | BM99: =MID(F99,20,1) -> E
A100: 98 | B100: =$A$1 -> PSS09_Adani Green Energy 27 A Limited (AGE27AL) | C100: PEB Building | D100: Vendor | E100: Vendor | F100: 6497-XXXX-PEB-LCR-DC-G-0001 | G100: 51H2-E-PEB-LCR-DC-G-V-0001 | H100: PEB details for Local Control Room | I100: Approval | J100: Drawing | N100: {=_xlfn.IFNA(LOOKUP(2, 1/(MOD(COLUMN(O100:XFD100)-COLUMN(O100), 5)=2)/(O100:XFD100<>""), O100:XFD100),"Not Submitted")} -> Delete | Q100: Delete | S100: As per the received mail from Mr. punith_18.06.2026 | BM100: =MID(F100,20,1) -> C
A101: 99 | B101: =$A$1 -> PSS09_Adani Green Energy 27 A Limited (AGE27AL) | C101: PEB Building | D101: Vendor | E101: Vendor | F101: 6497-XXXX-PEB-LCR-DC-G-0002 | G101: 51H2-E-PEB-LCR-DC-G-V-0002 | H101: Anchor Bolt for Local Control Room | I101: Approval | J101: Drawing | N101: {=_xlfn.IFNA(LOOKUP(2, 1/(MOD(COLUMN(O101:XFD101)-COLUMN(O101), 5)=2)/(O101:XFD101<>""), O101:XFD101),"Not Submitted")} -> Delete | Q101: Delete | S101: As per the received mail from Mr. punith_18.06.2026 | BM101: =MID(F101,20,1) -> C
A102: 100 | B102: =$A$1 -> PSS09_Adani Green Energy 27 A Limited (AGE27AL) | C102: PEB Building | D102: Vendor | E102: Vendor | F102: 6497-XXXX-PEB-HGR-DC-G-0001 | G102: 51H2-E-PEB-SGR-DC-G-V-0001 | H102: PEB details for Outdoor Switchgear Room | I102: Approval | J102: Drawing | N102: {=_xlfn.IFNA(LOOKUP(2, 1/(MOD(COLUMN(O102:XFD102)-COLUMN(O102), 5)=2)/(O102:XFD102<>""), O102:XFD102),"Not Submitted")} -> Delete | Q102: Delete | S102: As per the received mail from Mr. punith_18.06.2026 | BM102: =MID(F102,20,1) -> C
A103: 101 | B103: =$A$1 -> PSS09_Adani Green Energy 27 A Limited (AGE27AL) | C103: PEB Building | D103: Vendor | E103: Vendor | F103: 6497-XXXX-PEB-HGR-DC-G-0002 | G103: 51H2-E-PEB-SGR-DC-G-V-0002 | H103: Anchor Bolt for Outdoor Switchgear Room | I103: Approval | J103: Drawing | N103: {=_xlfn.IFNA(LOOKUP(2, 1/(MOD(COLUMN(O103:XFD103)-COLUMN(O103), 5)=2)/(O103:XFD103<>""), O103:XFD103),"Not Submitted")} -> Delete | Q103: Delete | S103: As per the received mail from Mr. punith_18.06.2026 | BM103: =MID(F103,20,1) -> C
A104: 102 | B104: =$A$1 -> PSS09_Adani Green Energy 27 A Limited (AGE27AL) | C104: EMS | D104: Vendor | E104: Vendor | F104: 6497-XXXX-EMS-GEN-DE-Q-0001 | G104: 51H2-E-EMS-EMS-DE-Q-V-0001 | H104: EMS SCADA System Architecture Drawing | I104: Approval | J104: Drawing | N104: {=_xlfn.IFNA(LOOKUP(2, 1/(MOD(COLUMN(O104:XFD104)-COLUMN(O104), 5)=2)/(O104:XFD104<>""), O104:XFD104),"Not Submitted")} -> Delete | Q104: Delete | BM104: =MID(F104,20,1) -> E
A105: 103 | B105: =$A$1 -> PSS09_Adani Green Energy 27 A Limited (AGE27AL) | C105: EMS | D105: Vendor | E105: Vendor | F105: 6497-XXXX-EMS-GEN-DE-I-0001 | G105: 51H2-E-EMS-EMS-DE-I-V-0001 | H105: EMS Panel Drawing for Central Control Room, Network Panel, Site Level RTU RIO Panel, PCS Plateform RIO Panel, Junction Box for Ethernet Switches & LIUs | I105: Approval | J105: Drawing | N105: {=_xlfn.IFNA(LOOKUP(2, 1/(MOD(COLUMN(O105:XFD105)-COLUMN(O105), 5)=2)/(O105:XFD105<>""), O105:XFD105),"Not Submitted")} -> Delete | Q105: Delete | BM105: =MID(F105,20,1) -> E
A106: 104 | B106: =$A$1 -> PSS09_Adani Green Energy 27 A Limited (AGE27AL) | C106: EMS | D106: Vendor | E106: Vendor | F106: 6497-XXXX-EMS-GEN-DE-D-0001 | G106: 51H2-E-EMS-EMS-DE-D-V-0001 | H106: EMS System Components Datasheet - Including all equipments | I106: Approval | J106: Document | N106: {=_xlfn.IFNA(LOOKUP(2, 1/(MOD(COLUMN(O106:XFD106)-COLUMN(O106), 5)=2)/(O106:XFD106<>""), O106:XFD106),"Not Submitted")} -> Delete | Q106: Delete | BM106: =MID(F106,20,1) -> E
A107: 105 | B107: =$A$1 -> PSS09_Adani Green Energy 27 A Limited (AGE27AL) | C107: EMS | D107: Vendor | E107: Vendor | F107: 6497-XXXX-EMS-GEN-DE-D-0002 | G107: 51H2-E-EMS-EMS-DE-D-V-0002 | H107: Project BOM (Bill of Materials) - Includes Hardware and Software | I107: Approval | J107: Document | N107: {=_xlfn.IFNA(LOOKUP(2, 1/(MOD(COLUMN(O107:XFD107)-COLUMN(O107), 5)=2)/(O107:XFD107<>""), O107:XFD107),"Not Submitted")} -> Delete | Q107: Delete | BM107: =MID(F107,20,1) -> E
A108: 106 | B108: =$A$1 -> PSS09_Adani Green Energy 27 A Limited (AGE27AL) | C108: EMS | D108: Vendor | E108: Vendor | F108: 6497-XXXX-EMS-GEN-DE-O-0001 | G108: 51H2-E-EMS-EMS-DE-O-V-0001 | H108: Factory Acceptance Test (FAT) Procedure | I108: Approval | J108: Drawing | N108: {=_xlfn.IFNA(LOOKUP(2, 1/(MOD(COLUMN(O108:XFD108)-COLUMN(O108), 5)=2)/(O108:XFD108<>""), O108:XFD108),"Not Submitted")} -> Delete | Q108: Delete | BM108: =MID(F108,20,1) -> E
A109: 107 | B109: =$A$1 -> PSS09_Adani Green Energy 27 A Limited (AGE27AL) | C109: EMS | D109: Vendor | E109: Vendor | F109: 6497-XXXX-EMS-GEN-DE-O-0002 | G109: 51H2-E-EMS-EMS-DE-O-V-0002 | H109: SAT Procedure | I109: Approval | J109: Drawing | N109: {=_xlfn.IFNA(LOOKUP(2, 1/(MOD(COLUMN(O109:XFD109)-COLUMN(O109), 5)=2)/(O109:XFD109<>""), O109:XFD109),"Not Submitted")} -> Delete | Q109: Delete | BM109: =MID(F109,20,1) -> E
A110: 108 | B110: =$A$1 -> PSS09_Adani Green Energy 27 A Limited (AGE27AL) | C110: EMS | D110: Vendor | E110: Vendor | F110: 6497-XXXX-EMS-GEN-DE-I-0002 | G110: 51H2-E-EMS-EMS-DE-I-V-0002 | H110: Logic Diagram for EMS | I110: Approval | J110: Drawing | N110: {=_xlfn.IFNA(LOOKUP(2, 1/(MOD(COLUMN(O110:XFD110)-COLUMN(O110), 5)=2)/(O110:XFD110<>""), O110:XFD110),"Not Submitted")} -> Delete | Q110: Delete | BM110: =MID(F110,20,1) -> E
A111: 109 | B111: =$A$1 -> PSS09_Adani Green Energy 27 A Limited (AGE27AL) | C111: EMS | D111: Vendor | E111: Vendor | F111: 6497-XXXX-EMS-GEN-DE-E-0001 | G111: 51H2-E-EMS-EMS-DE-E-V-0001 | H111: Wiring Detailed Drawing | I111: Approval | J111: Drawing | N111: {=_xlfn.IFNA(LOOKUP(2, 1/(MOD(COLUMN(O111:XFD111)-COLUMN(O111), 5)=2)/(O111:XFD111<>""), O111:XFD111),"Not Submitted")} -> Delete | Q111: Delete | BM111: =MID(F111,20,1) -> E
A112: 110 | B112: =$A$1 -> PSS09_Adani Green Energy 27 A Limited (AGE27AL) | C112: EMS | D112: Vendor | E112: Vendor | F112: 6497-XXXX-EMS-GEN-DE-D-0003 | G112: 51H2-E-EMS-EMS-DE-D-V-0003 | H112: Input Output List/Summary | I112: Approval | J112: Document | N112: {=_xlfn.IFNA(LOOKUP(2, 1/(MOD(COLUMN(O112:XFD112)-COLUMN(O112), 5)=2)/(O112:XFD112<>""), O112:XFD112),"Not Submitted")} -> Delete | Q112: Delete | BM112: =MID(F112,20,1) -> E
A113: 111 | B113: =$A$1 -> PSS09_Adani Green Energy 27 A Limited (AGE27AL) | C113: EMS | D113: Vendor | E113: Vendor | F113: 6497-XXXX-EMS-GEN-DE-O-0003 | G113: 51H2-E-EMS-EMS-DE-O-V-0003 | H113: Factory Integrated Test (FIT) Procedure | I113: Approval | J113: Drawing | N113: {=_xlfn.IFNA(LOOKUP(2, 1/(MOD(COLUMN(O113:XFD113)-COLUMN(O113), 5)=2)/(O113:XFD113<>""), O113:XFD113),"Not Submitted")} -> Delete | Q113: Delete | BM113: =MID(F113,20,1) -> E
A114: 112 | B114: =$A$1 -> PSS09_Adani Green Energy 27 A Limited (AGE27AL) | C114: EMS | D114: Vendor | E114: Vendor | F114: 6497-XXXX-EMS-GEN-DE-E-0002 | G114: 51H2-E-EMS-EMS-DE-E-V-0002 | H114: Panel Grounding Scheme | I114: Approval | J114: Drawing | N114: {=_xlfn.IFNA(LOOKUP(2, 1/(MOD(COLUMN(O114:XFD114)-COLUMN(O114), 5)=2)/(O114:XFD114<>""), O114:XFD114),"Not Submitted")} -> Delete | Q114: Delete | BM114: =MID(F114,20,1) -> E
A115: 113 | B115: =$A$1 -> PSS09_Adani Green Energy 27 A Limited (AGE27AL) | C115: EMS | D115: Vendor | E115: Vendor | F115: 6497-XXXX-EMS-GEN-DE-O-0004 | G115: 51H2-E-EMS-EMS-DE-O-V-0004 | H115: Document Dosier | I115: Information | J115: Drawing | N115: {=_xlfn.IFNA(LOOKUP(2, 1/(MOD(COLUMN(O115:XFD115)-COLUMN(O115), 5)=2)/(O115:XFD115<>""), O115:XFD115),"Not Submitted")} -> Delete | Q115: Delete | BM115: =MID(F115,20,1) -> E
... A127: 125 | B127: =$A$1 -> PSS09_Adani Green Energy 27 A Limited (AGE27AL) | C127: EMS | D127: Vendor | E127: Vendor | F127: 6497-XXXX-EMS-GEN-DE-D-0007 | G127: 51H2-E-EMS-EMS-DE-D-V-0006 | H127: EMS System Datasheet - Enclosures Accessories Components | I127: Approval | J127: Document | N127: {=_xlfn.IFNA(LOOKUP(2, 1/(MOD(COLUMN(O127:XFD127)-COLUMN(O127), 5)=2)/(O127:XFD127<>""), O127:XFD127),"Not Submitted")} -> Delete | Q127: Delete | BM127: =MID(F127,20,1) -> E
A128: 126 | C128: EMS | E128: Vendor | F128: 6497-XXXX-EMS-GEN-DE-N-0001 | G128: 51H2-E-EMS-EMS-DE-N-V-0001 | H128: Complete Documentation of Implemented Protocols Between Various Elements | I128: Approval | J128: Document | N128: {=_xlfn.IFNA(LOOKUP(2, 1/(MOD(COLUMN(O128:XFD128)-COLUMN(O128), 5)=2)/(O128:XFD128<>""), O128:XFD128),"Not Submitted")} -> delete | Q128: delete | BM128: =MID(F128,20,1) -> E
A129: 127 | B129: =$A$1 -> PSS09_Adani Green Energy 27 A Limited (AGE27AL) | C129: Harmonic Filter | D129: Vendor | E129: Clerient | F129: 6497-CPSL-HFL-GEN-DE-G-0001 | H129: General Arrangement Layout Drawing | I129: Approval | J129: Document | K129: 46146 | N129: {=_xlfn.IFNA(LOOKUP(2, 1/(MOD(COLUMN(O129:XFD129)-COLUMN(O129), 5)=2)/(O129:XFD129<>""), O129:XFD129),"Not Submitted")} -> Cat. -I | O129: NR | P129: 46140 | Q129: Cat. -I | R129: XXXX-BESS-SITE-T-0001 | BM129: =MID(F129,20,1) -> E
A130: 128 | B130: =$A$1 -> PSS09_Adani Green Energy 27 A Limited (AGE27AL) | C130: Harmonic Filter | D130: Vendor | E130: Clerient | F130: 6497-CPSL-HFL-GEN-DE-G-0002 | G130: 51H2-E-HFL-HFL-DE-G-V-0001 | H130: Drawing and GTP for Series Reactors | I130: Approval | J130: Document | K130: 46146 | N130: {=_xlfn.IFNA(LOOKUP(2, 1/(MOD(COLUMN(O130:XFD130)-COLUMN(O130), 5)=2)/(O130:XFD130<>""), O130:XFD130),"Not Submitted")} -> Cat. -I | O130: NR | P130: 46140 | Q130: Cat. -I | R130: XXXX-BESS-SITE-T-0001 | BM130: =MID(F130,20,1) -> E
A131: 129 | B131: =$A$1 -> PSS09_Adani Green Energy 27 A Limited (AGE27AL) | C131: Harmonic Filter | D131: Vendor | E131: Clerient | F131: 6497-CPSL-HFL-GEN-DE-G-0003 | G131: 51H2-E-HFL-HFL-DE-G-V-0002 | H131: Drawing and GTP for Off Load Isolator | I131: Approval | J131: Document | K131: 46146 | N131: {=_xlfn.IFNA(LOOKUP(2, 1/(MOD(COLUMN(O131:XFD131)-COLUMN(O131), 5)=2)/(O131:XFD131<>""), O131:XFD131),"Not Submitted")} -> Cat. -I | O131: NR | P131: 28-04-2026 15-06-2026 | Q131: Cat. -I | R131: XXXX-BESS-SITE-T-0001 | BM131: =MID(F131,20,1) -> E
A132: 130 | B132: =$A$1 -> PSS09_Adani Green Energy 27 A Limited (AGE27AL) | C132: Harmonic Filter | D132: Vendor | E132: Clerient | F132: 6497-CPSL-HFL-GEN-DE-G-0004 | G132: 51H2-E-HFL-HFL-DE-G-V-0003 | H132: Drawing and GTP for NCT | I132: Approval | J132: Document | K132: 46146 | N132: {=_xlfn.IFNA(LOOKUP(2, 1/(MOD(COLUMN(O132:XFD132)-COLUMN(O132), 5)=2)/(O132:XFD132<>""), O132:XFD132),"Not Submitted")} -> Cat. -I | O132: NR | P132: 46140 | Q132: Cat. -I | R132: XXXX-BESS-SITE-T-0001 | BM132: =MID(F132,20,1) -> E
A133: 131 | B133: =$A$1 -> PSS09_Adani Green Energy 27 A Limited (AGE27AL) | C133: Harmonic Filter | D133: Vendor | E133: Clerient | F133: 6497-CPSL-HFL-GEN-DE-G-0005 | G133: 51H2-E-HFL-HFL-DE-G-V-0004 | H133: Drawing and GTP for Lightning Arrestor | I133: Approval | J133: Document | K133: 46146 | N133: {=_xlfn.IFNA(LOOKUP(2, 1/(MOD(COLUMN(O133:XFD133)-COLUMN(O133), 5)=2)/(O133:XFD133<>""), O133:XFD133),"Not Submitted")} -> Cat. -I | O133: NR | P133: 46140 | Q133: Cat. -I | R133: XXXX-BESS-SITE-T-0001 | T133: NR | U133: 46267 | V133: Cat. -I | BM133: =MID(F133,20,1) -> E
A134: 132 | B134: =$A$1 -> PSS09_Adani Green Energy 27 A Limited (AGE27AL) | C134: Harmonic Filter | D134: Vendor | E134: Clerient | F134: 6497-CPSL-HFL-GEN-DE-G-0006 | G134: 51H2-E-HFL-HFL-DE-D-V-0001 | H134: Drawing and GTP for MV Capacitors | I134: Approval | J134: Document | K134: 46146 | N134: {=_xlfn.IFNA(LOOKUP(2, 1/(MOD(COLUMN(O134:XFD134)-COLUMN(O134), 5)=2)/(O134:XFD134<>""), O134:XFD134),"Not Submitted")} -> Cat. -I | O134: NR | P134: 46140 | Q134: Cat. -I | R134: XXXX-BESS-SITE-T-0001 | S134: Rev.01 | BM134: =MID(F134,20,1) -> E
A135: 133 | B135: =$A$1 -> PSS09_Adani Green Energy 27 A Limited (AGE27AL) | C135: Harmonic Filter | D135: Vendor | E135: Clerient | F135: 6497-CPSL-HFL-GEN-DE-G-0007 | G135: 51H2-E-HFL-HFL-DE-E-V-0001 | H135: Drawing and GTP for Damping Resistor | I135: Approval | J135: Document | K135: 46146 | N135: {=_xlfn.IFNA(LOOKUP(2, 1/(MOD(COLUMN(O135:XFD135)-COLUMN(O135), 5)=2)/(O135:XFD135<>""), O135:XFD135),"Not Submitted")} -> Cat. -I | O135: 46140 | P135: 46143 | Q135: Cat. -I | R135: XXXX-BESS-SITE-T-0001 | BM135: =MID(F135,20,1) -> E
A136: 134 | B136: =$A$1 -> PSS09_Adani Green Energy 27 A Limited (AGE27AL) | C136: Harmonic Filter | D136: Vendor | E136: Clerient | F136: 6497-CPSL-HFL-GEN-DE-D-0001 | G136: 51H2-E-HFL-HFL-DE-D-V-0002 | H136: Data sheet for Termination kit | I136: Approval | J136: Document | K136: 46146 | N136: {=_xlfn.IFNA(LOOKUP(2, 1/(MOD(COLUMN(O136:XFD136)-COLUMN(O136), 5)=2)/(O136:XFD136<>""), O136:XFD136),"Not Submitted")} -> Cat. -I | O136: 46141 | P136: 46143 | Q136: Cat. -I | R136: XXXX-BESS-SITE-T-0001 | BM136: =MID(F136,20,1) -> E
A137: 135 | B137: =$A$1 -> PSS09_Adani Green Energy 27 A Limited (AGE27AL) | C137: Harmonic Filter | D137: Vendor | E137: Clerient | F137: 6497-CPSL-HFL-GEN-DE-D-0002 | G137: 51H2-E-HFL-HFL-DE-G-V-0005 | H137: Data sheet for Control Cable | I137: Approval | J137: Document | K137: 46146 | N137: {=_xlfn.IFNA(LOOKUP(2, 1/(MOD(COLUMN(O137:XFD137)-COLUMN(O137), 5)=2)/(O137:XFD137<>""), O137:XFD137),"Not Submitted")} -> Cat. -I | O137: 46141 | P137: 46143 | Q137: Cat. -I | R137: XXXX-BESS-SITE-T-0001 | BM137: =MID(F137,20,1) -> E
A138: 136 | B138: =$A$1 -> PSS09_Adani Green Energy 27 A Limited (AGE27AL) | C138: Harmonic Filter | D138: Vendor | E138: Clerient | F138: 6497-CPSL-HFL-GEN-DE-D-0003 | G138: 51H2-E-HFL-HFL-DE-C-V-0001 | H138: Data sheet for DWC pipe | I138: Approval | J138: Document | K138: 46146 | N138: {=_xlfn.IFNA(LOOKUP(2, 1/(MOD(COLUMN(O138:XFD138)-COLUMN(O138), 5)=2)/(O138:XFD138<>""), O138:XFD138),"Not Submitted")} -> Cat. -I | O138: 46141 | P138: 46143 | Q138: Cat. -I | R138: XXXX-BESS-SITE-T-0001 | BM138: =MID(F138,20,1) -> E
A139: 137 | B139: =$A$1 -> PSS09_Adani Green Energy 27 A Limited (AGE27AL) | C139: Harmonic Filter | D139: Vendor | E139: Clerient | F139: 6497-CPSL-HFL-GEN-DE-D-0004 | G139: 51H2-E-HFL-HFL-DE-G-V-0006 | H139: Drawing & Data sheet for Earth Pit & Earth Flats | I139: Approval | J139: Document | K139: 46146 | N139: {=_xlfn.IFNA(LOOKUP(2, 1/(MOD(COLUMN(O139:XFD139)-COLUMN(O139), 5)=2)/(O139:XFD139<>""), O139:XFD139),"Not Submitted")} -> Cat. -I | O139: 29-04-2026 14-05-2026 | P139: 01-05-2026 14-05-2026 | Q139: Cat. -I | R139: XXXX-BESS-SITE-T-0001 | BM139: =MID(F139,20,1) -> E
A140: 138 | B140: =$A$1 -> PSS09_Adani Green Energy 27 A Limited (AGE27AL) | C140: Harmonic Filter | D140: Vendor | E140: Clerient | F140: 6497-CPSL-HFL-GEN-DE-E-0001 | G140: 51H2-E-HFL-HFL-DE-G-V-0007 | H140: Single Line Diagram | I140: Approval | J140: Document | K140: 46146 | N140: {=_xlfn.IFNA(LOOKUP(2, 1/(MOD(COLUMN(O140:XFD140)-COLUMN(O140), 5)=2)/(O140:XFD140<>""), O140:XFD140),"Not Submitted")} -> Cat. -I | O140: NR | P140: 46140 | Q140: Cat. -I | R140: XXXX-BESS-SITE-T-0001 | BM140: =MID(F140,20,1) -> E
A141: 139 | B141: =$A$1 -> PSS09_Adani Green Energy 27 A Limited (AGE27AL) | C141: Harmonic Filter | D141: Vendor | E141: Clerient | F141: 6497-CPSL-HFL-GEN-DE-C-0001 | H141: Design Calculation sheet for Harmonic Filter | K141: 46146 | N141: {=_xlfn.IFNA(LOOKUP(2, 1/(MOD(COLUMN(O141:XFD141)-COLUMN(O141), 5)=2)/(O141:XFD141<>""), O141:XFD141),"Not Submitted")} -> delete | O141: NR | P141: 46140 | Q141: Cat. -I | R141: XXXX-BESS-SITE-T-0001 | S141: Rev.01 | V141: delete | X141: As per the discussed with Mr. Janeshkumar & Mr. Kaushal Patel_18.06.2026 | BM141: =MID(F141,20,1) -> E
A142: 140 | B142: =$A$1 -> PSS09_Adani Green Energy 27 A Limited (AGE27AL) | C142: Harmonic Filter | D142: Vendor | E142: Clerient | F142: 6497-CPSL-HFL-GEN-DC-L-0001 | H142: Equipment Foundation Layout Drawing | K142: 46146 | N142: {=_xlfn.IFNA(LOOKUP(2, 1/(MOD(COLUMN(O142:XFD142)-COLUMN(O142), 5)=2)/(O142:XFD142<>""), O142:XFD142),"Not Submitted")} -> Cat. -I | O142: NR | P142: 46140 | Q142: Cat. -I | R142: XXXX-BESS-SITE-T-0001 | S142: Drawing number is not mentioned in the drawing. | BM142: =MID(F142,20,1) -> C
A143: 141 | B143: =$A$1 -> PSS09_Adani Green Energy 27 A Limited (AGE27AL) | C143: Harmonic Filter | D143: Vendor | E143: Clerient | F143: 6497-CPSL-HFL-GEN-DC-C-0001 | G143: 51H2-E-HFL-HFL-DE-D-V-0003 | H143: Structure calculations | K143: 46146 | N143: {=_xlfn.IFNA(LOOKUP(2, 1/(MOD(COLUMN(O143:XFD143)-COLUMN(O143), 5)=2)/(O143:XFD143<>""), O143:XFD143),"Not Submitted")} -> Delete | Q143: Delete | S143: As per the received mail from Mr. punith_18.06.2026 | BM143: =MID(F143,20,1) -> C
...

Sheet PSS08B
A1: PSS08B_Adani Renewable Energy 35 Limited (ARE35L) | O1: Rev.00 | T1: Rev.01 | Y1: Rev.02 | AD1: Rev.03 | AI1: Rev.04/0E | AN1: Rev.05/0F | AS1: Rev.06/0G | AX1: Rev.07/0H | BC1: Rev.08/0I | BH1: Rev.09/0J
A2: Sr. No. | B2: Project | C2: Package | D2: In-house/Vendor | E2: In-house/Vendor Name2 | F2: New_Drawing / Document Number | G2: Drawing / Document Number | H2: Document Title | I2: Document Category | J2: DOCUMENT TYPE | K2: Schedule Date | L2: FORECAST DATE | M2: Weightage | N2: Status | O2: Recd Date_00 | P2: Comment date_00 | Q2: Status_00 | R2: XMTL No._00 | S2: Remarks_00 | T2: Recd Date_01 | U2: Comment date_01 | V2: Status_01 | W2: XMTL No._01 | X2: Remarks_01 | Y2: Recd Date_02 | Z2: Comment date_02 | AA2: Status_02 | AB2: XMTL No._02 | AC2: Remarks_02 | AD2: Recd Date_03 | AE2: Comment date_03 | AF2: Status_03 | AG2: XMTL No._03 | AH2: Remarks_03 | AI2: Recd Date_04 | AJ2: Comment date_04 | AK2: Status_04 | AL2: XMTL No._04 | AM2: Remarks_04 | AN2: Recd Date_05 | AO2: Comment date_05 | AP2: Status_05 | AQ2: XMTL No._05 | AR2: Remarks_05 | AS2: Recd Date_06 | AT2: Comment date_06 | AU2: Status_06 | AV2: XMTL No._06 | AW2: Remarks_06 | AX2: Recd Date_07 | AY2: Comment date_07 | AZ2: Status_07 | BA2: XMTL No._07 | BB2: Remarks_07 | BC2: Recd Date_08 | BD2: Comment date_08 | BE2: Status_08 | BF2: XMTL No._08 | BG2: Remarks_08 | BH2: Recd Date_09 | BI2: Comment date_09 | BJ2: Status_09 | BK2: XMTL No._09 | BL2: Remarks_09 | BM2: Remarks_10
A3: 1 | B3: =$A$1 -> PSS08B_Adani Renewable Energy 35 Limited (ARE35L) | C3: Coupling Transformer | D3: Vendor | E3: Tesla | F3: 51N3-TESL-CTF-GEN-DE-V-0001 | G3: 51H2-E-SEP-IDT-DE-G-V-0001 | H3: GA Drawings with List of Fittings for IDT | I3: Approval | J3: Drawing | K3: 46163 | N3: {=_xlfn.IFNA(LOOKUP(2, 1/(MOD(COLUMN(O3:XFD3)-COLUMN(O3), 5)=2)/(O3:XFD3<>""), O3:XFD3),"Not Submitted")} -> Under Review | O3: 46165 | P3: 46188 | Q3: Cat. -I_Star | T3: 46202 | V3: Under Review | BM3: =MID(F3,20,1) -> E
A4: 2 | B4: =$A$1 -> PSS08B_Adani Renewable Energy 35 Limited (ARE35L) | C4: Coupling Transformer | D4: Vendor | E4: Tesla | F4: 51N3-TESL-CTF-GEN-DE-V-0002 | G4: 51H2-E-SEP-IDT-DE-G-V-0002 | H4: GA OF MARSHALLING BOX & WIRING DIAGRAM and SCHEMATIC DIAGRAM OF COOLING SYSTEM | I4: Approval | J4: Drawing | K4: 46163 | N4: {=_xlfn.IFNA(LOOKUP(2, 1/(MOD(COLUMN(O4:XFD4)-COLUMN(O4), 5)=2)/(O4:XFD4<>""), O4:XFD4),"Not Submitted")} -> Cat. -I | O4: 46165 | P4: 46188 | Q4: Cat. -I | BM4: =MID(F4,20,1) -> E
A5: 3 | B5: =$A$1 -> PSS08B_Adani Renewable Energy 35 Limited (ARE35L) | C5: Coupling Transformer | D5: Vendor | E5: Tesla | F5: 51N3-TESL-CTF-GEN-DE-V-0003 | G5: 51H2-E-SEP-IDT-DE-G-V-0003 | H5: CTR NIFPS (Nitrogen Injection & Fire Protection System) Drawings | I5: Approval | J5: Drawing | K5: 46163 | N5: {=_xlfn.IFNA(LOOKUP(2, 1/(MOD(COLUMN(O5:XFD5)-COLUMN(O5), 5)=2)/(O5:XFD5<>""), O5:XFD5),"Not Submitted")} -> Cat. -I | O5: 46165 | P5: 46188 | Q5: Cat. -I | BM5: =MID(F5,20,1) -> E
A6: 4 | B6: =$A$1 -> PSS08B_Adani Renewable Energy 35 Limited (ARE35L) | C6: Coupling Transformer | D6: Vendor | E6: Tesla | F6: 51N3-TESL-CTF-GEN-DE-V-0004 | G6: 51H2-E-SEP-IDT-DE-G-V-0004 | H6: ONLINE DRYING SYSTEM DRAWING WITH GUARANRTEED TECHNICAL PARTICULARS | I6: Approval | J6: Drawing | K6: 46163 | N6: {=_xlfn.IFNA(LOOKUP(2, 1/(MOD(COLUMN(O6:XFD6)-COLUMN(O6), 5)=2)/(O6:XFD6<>""), O6:XFD6),"Not Submitted")} -> delete | Q6: delete | BM6: =MID(F6,20,1) -> E
A7: 5 | B7: =$A$1 -> PSS08B_Adani Renewable Energy 35 Limited (ARE35L) | C7: Coupling Transformer | D7: Vendor | E7: Tesla | F7: 51N3-TESL-CTF-GEN-DE-D-0001 | G7: 51H2-E-SEP-IDT-DE-D-V-0001 | H7: GTP of IDT | I7: Approval | J7: Document | K7: 46163 | N7: {=_xlfn.IFNA(LOOKUP(2, 1/(MOD(COLUMN(O7:XFD7)-COLUMN(O7), 5)=2)/(O7:XFD7<>""), O7:XFD7),"Not Submitted")} -> Cat. -I | O7: 46165 | P7: 46188 | Q7: Cat. -I | BM7: =MID(F7,20,1) -> E
A8: 6 | B8: =$A$1 -> PSS08B_Adani Renewable Energy 35 Limited (ARE35L) | C8: Coupling Transformer | D8: Vendor | E8: Tesla | F8: 51N3-TESL-CTF-GEN-DE-M-0001 | G8: 51H2-E-SEP-IDT-DE-M-V-0001 | H8: O&M Manual of IDT | I8: Approval | J8: Document | K8: 46163 | N8: {=_xlfn.IFNA(LOOKUP(2, 1/(MOD(COLUMN(O8:XFD8)-COLUMN(O8), 5)=2)/(O8:XFD8<>""), O8:XFD8),"Not Submitted")} -> Cat. -IV | O8: 46165 | P8: 46188 | Q8: Cat. -IV | BM8: =MID(F8,20,1) -> E
A9: 11 | B9: =$A$1 -> PSS08B_Adani Renewable Energy 35 Limited (ARE35L) | C9: Coupling Transformer | D9: Vendor | E9: Ornet | F9: 51N3-ORNT-CTF-GEN-DE-V-0001 | G9: 51H2-E-SEP-IDT-DE-G-V-0001 | H9: GA Drawings with List of Fittings for IDT | I9: Approval | J9: Drawing | N9: {=_xlfn.IFNA(LOOKUP(2, 1/(MOD(COLUMN(O9:XFD9)-COLUMN(O9), 5)=2)/(O9:XFD9<>""), O9:XFD9),"Not Submitted")} -> Cat. -I | O9: 46176 | P9: 46182 | Q9: Cat. -I | S9: Submitted by mail | T9: NR | U9: 46202 | V9: Cat. -I | BM9: =MID(F9,20,1) -> E
A10: 10 | B10: =$A$1 -> PSS08B_Adani Renewable Energy 35 Limited (ARE35L) | C10: Coupling Transformer | D10: Vendor | E10: Ornet | F10: 51N3-ORNT-CTF-GEN-DE-V-0002 | G10: 51H2-E-SEP-IDT-DE-G-V-0002 | H10: GA OF MARSHALLING BOX & WIRING DIAGRAM and SCHEMATIC DIAGRAM OF COOLING SYSTEM | I10: Approval | J10: Drawing | N10: {=_xlfn.IFNA(LOOKUP(2, 1/(MOD(COLUMN(O10:XFD10)-COLUMN(O10), 5)=2)/(O10:XFD10<>""), O10:XFD10),"Not Submitted")} -> Cat. -I | O10: 46176 | P10: 46182 | Q10: Cat. -I | S10: Submitted by mail | BM10: =MID(F10,20,1) -> E
A11: 7 | B11: =$A$1 -> PSS08B_Adani Renewable Energy 35 Limited (ARE35L) | C11: Coupling Transformer | D11: Vendor | E11: Ornet | F11: 51N3-ORNT-CTF-GEN-DE-V-0003 | G11: 51H2-E-SEP-IDT-DE-G-V-0005 | H11: NIFPS (Nitrogen Injection & Fire Protection System) Drawings | I11: Approval | J11: Drawing | N11: {=_xlfn.IFNA(LOOKUP(2, 1/(MOD(COLUMN(O11:XFD11)-COLUMN(O11), 5)=2)/(O11:XFD11<>""), O11:XFD11),"Not Submitted")} -> Cat. -I | O11: 46176 | P11: 46182 | Q11: Cat. -I | S11: Submitted by mail | BM11: =MID(F11,20,1) -> E
A12: 12 | B12: =$A$1 -> PSS08B_Adani Renewable Energy 35 Limited (ARE35L) | C12: Coupling Transformer | D12: Vendor | E12: Ornet | F12: 51N3-ORNT-CTF-GEN-DE-M-0001 | G12: 51H2-E-SEP-IDT-DE-M-V-0001 | H12: O&M Manual of IDT | I12: Approval | J12: Document | N12: {=_xlfn.IFNA(LOOKUP(2, 1/(MOD(COLUMN(O12:XFD12)-COLUMN(O12), 5)=2)/(O12:XFD12<>""), O12:XFD12),"Not Submitted")} -> Cat. -IV | O12: 46176 | P12: 46182 | Q12: Cat. -IV | S12: Submitted by mail | BM12: =MID(F12,20,1) -> E
A13: 13 | B13: =$A$1 -> PSS08B_Adani Renewable Energy 35 Limited (ARE35L) | C13: Coupling Transformer | D13: Vendor | E13: Ornet | F13: 51N3-ORNT-CTF-GEN-DE-D-0001 | G13: 51H2-E-SEP-IDT-DE-D-V-0001 | H13: GTP of IDT | I13: Approval | J13: Document | N13: {=_xlfn.IFNA(LOOKUP(2, 1/(MOD(COLUMN(O13:XFD13)-COLUMN(O13), 5)=2)/(O13:XFD13<>""), O13:XFD13),"Not Submitted")} -> Cat. -I | O13: 46176 | P13: 46182 | Q13: Cat. -I | S13: Submitted by mail | BM13: =MID(F13,20,1) -> E
A14: 14 | B14: =$A$1 -> PSS08B_Adani Renewable Energy 35 Limited (ARE35L) | C14: Battery | D14: Vendor | E14: Great Power | F14: 51N3-GRTP-BTR-BCL-DE-D-0001 | G14: 51H2-E-BTR-BCL-BE-R-V-0001 | H14: GTP (Technical Paramater detail) for cell | I14: Information | J14: Document | K14: 46081 | N14: {=_xlfn.IFNA(LOOKUP(2, 1/(MOD(COLUMN(O14:XFD14)-COLUMN(O14), 5)=2)/(O14:XFD14<>""), O14:XFD14),"Not Submitted")} -> Cat. -IV | Q14: Cat. -IV | S14: Document received by Mr. Samrej Vahora on 27.06.2026 | BM14: =MID(F14,20,1) -> E
A15: 15 | B15: =$A$1 -> PSS08B_Adani Renewable Energy 35 Limited (ARE35L) | C15: Battery | D15: Vendor | E15: Great Power | F15: 51N3-GRTP-BTR-BCL-DE-G-0001 | G15: 51H2-E-BTR-BAR-DE-D-V-0001 | H15: General Arrangement (GA) drawing for cell | I15: Information | J15: Document | K15: 46081 | N15: {=_xlfn.IFNA(LOOKUP(2, 1/(MOD(COLUMN(O15:XFD15)-COLUMN(O15), 5)=2)/(O15:XFD15<>""), O15:XFD15),"Not Submitted")} -> Cat. -IV | Q15: Cat. -IV | S15: Document received by Mr. Krunalkumar Patel on 09.03.2026 | BM15: =MID(F15,20,1) -> E
A16: 16 | B16: =$A$1 -> PSS08B_Adani Renewable Energy 35 Limited (ARE35L) | C16: Battery | D16: Vendor | E16: Great Power | F16: 51N3-GRTP-BTR-BCL-DE-R-0001 | G16: 51H2-E-BTR-BAR-DE-G-V-0001 | H16: Battery cell certification and compliance report, including detailed model numbers and test results for cell | I16: Information | J16: Drawing | K16: 46081 | N16: {=_xlfn.IFNA(LOOKUP(2, 1/(MOD(COLUMN(O16:XFD16)-COLUMN(O16), 5)=2)/(O16:XFD16<>""), O16:XFD16),"Not Submitted")} -> Cat. -IV | Q16: Cat. -IV | S16: Document received by Mr. Krunalkumar Patel on 17.03.2026 | BM16: =MID(F16,20,1) -> E
A17: 17 | B17: =$A$1 -> PSS08B_Adani Renewable Energy 35 Limited (ARE35L) | C17: Battery | D17: Vendor | E17: Great Power | F17: 51N3-GRTP-BTR-BAR-DE-D-0001 | G17: 51H2-E-BTR-BAR-BE-R-V-0001 | H17: GTP (Technical Paramater detail) (Pack, HV box and rack ) for rack | I17: Approval | J17: Document | K17: 46081 | N17: {=_xlfn.IFNA(LOOKUP(2, 1/(MOD(COLUMN(O17:XFD17)-COLUMN(O17), 5)=2)/(O17:XFD17<>""), O17:XFD17),"Not Submitted")} -> Cat. -I | Q17: Cat. -I | S17: Document received by Mr. Krunalkumar Patel on 09.03.2026 | BM17: =MID(F17,20,1) -> E
A18: 18 | B18: =$A$1 -> PSS08B_Adani Renewable Energy 35 Limited (ARE35L) | C18: Battery | D18: Vendor | E18: Great Power | F18: 51N3-GRTP-BTR-BAR-DE-G-0001 | G18: 51H2-E-BTR-BCN-DE-D-V-0001 | H18: GA Drawing (PDF &CAD file ) showing component layout and dimensions for rack 1- Battery Pack 2- HV box with Rack Frame | I18: Approval | J18: Document | K18: 46081 | N18: {=_xlfn.IFNA(LOOKUP(2, 1/(MOD(COLUMN(O18:XFD18)-COLUMN(O18), 5)=2)/(O18:XFD18<>""), O18:XFD18),"Not Submitted")} -> Cat. -I | Q18: Cat. -I | S18: Document received by Mr. Krunalkumar Patel on 09.03.2026 | BM18: =MID(F18,20,1) -> E
A19: 19 | B19: =$A$1 -> PSS08B_Adani Renewable Energy 35 Limited (ARE35L) | C19: Battery | D19: Vendor | E19: Great Power | F19: 51N3-GRTP-BTR-BAR-DE-R-0001 | G19: 51H2-E-BTR-BCN-DE-G-V-0001 | H19: Certification and test report for battery rack, including model numbers and compliance data for rack | I19: Information | J19: Drawing | K19: 46081 | N19: {=_xlfn.IFNA(LOOKUP(2, 1/(MOD(COLUMN(O19:XFD19)-COLUMN(O19), 5)=2)/(O19:XFD19<>""), O19:XFD19),"Not Submitted")} -> Cat. -IV | Q19: Cat. -IV | S19: Document received by Mr. Krunalkumar Patel on 17.03.2026 | BM19: =MID(F19,20,1) -> E
A20: 20 | B20: =$A$1 -> PSS08B_Adani Renewable Energy 35 Limited (ARE35L) | C20: Battery | D20: Vendor | E20: Great Power | F20: 51N3-GRTP-BTR-BCN-DE-D-0001 | G20: 51H2-E-BTR-BCN-BE-R-V-0001 | H20: GTP (Technical Paramater detail) for Container | I20: Approval | J20: Document | K20: 46081 | N20: {=_xlfn.IFNA(LOOKUP(2, 1/(MOD(COLUMN(O20:XFD20)-COLUMN(O20), 5)=2)/(O20:XFD20<>""), O20:XFD20),"Not Submitted")} -> Cat. -I | Q20: Cat. -I | BM20: =MID(F20,20,1) -> E
A21: 21 | B21: =$A$1 -> PSS08B_Adani Renewable Energy 35 Limited (ARE35L) | C21: Battery | D21: Vendor | E21: Great Power | F21: 51N3-GRTP-BTR-BCN-DE-G-0001 | G21: 51H2-E-BTR-FSS-DE-D-V-0001 | H21: General Arrangement (GA) drawing in PDF and CAD formats, including detailed footing dimensions for Container | I21: Approval | J21: Document | K21: 46081 | N21: {=_xlfn.IFNA(LOOKUP(2, 1/(MOD(COLUMN(O21:XFD21)-COLUMN(O21), 5)=2)/(O21:XFD21<>""), O21:XFD21),"Not Submitted")} -> Cat. -I | Q21: Cat. -I | S21: Document received by Mr. Krunalkumar Patel on 09.03.2026 | BM21: =MID(F21,20,1) -> E
A22: 22 | B22: =$A$1 -> PSS08B_Adani Renewable Energy 35 Limited (ARE35L) | C22: Battery | D22: Vendor | E22: Great Power | F22: 51N3-GRTP-BTR-BCN-DE-R-0001 | G22: 51H2-E-BTR-FSS-DE-G-V-0001 | H22: BESS container Certification and test report, including model numbers and compliance data for Container | I22: Information | J22: Drawing | K22: 46081 | N22: {=_xlfn.IFNA(LOOKUP(2, 1/(MOD(COLUMN(O22:XFD22)-COLUMN(O22), 5)=2)/(O22:XFD22<>""), O22:XFD22),"Not Submitted")} -> Cat. -IV | Q22: Cat. -IV | S22: Document received by Mr. Krunalkumar Patel on 17.03.2026 | BM22: =MID(F22,20,1) -> E
A23: 23 | B23: =$A$1 -> PSS08B_Adani Renewable Energy 35 Limited (ARE35L) | C23: Battery | D23: Vendor | E23: Great Power | F23: 51N3-GRTP-BTR-FSS-DE-D-0001 | G23: 51H2-E-BTR-FSS-BE-R-V-0001 | H23: GTP (Technical Paramater detail) for FSS | I23: Approval | J23: Document | K23: 46081 | N23: {=_xlfn.IFNA(LOOKUP(2, 1/(MOD(COLUMN(O23:XFD23)-COLUMN(O23), 5)=2)/(O23:XFD23<>""), O23:XFD23),"Not Submitted")} -> Cat. -I | Q23: Cat. -I | S23: Document received by Mr. Samrej Vahora on 24.03.2026 | BM23: =MID(F23,20,1) -> E
A24: 24 | B24: =$A$1 -> PSS08B_Adani Renewable Energy 35 Limited (ARE35L) | C24: Battery | D24: Vendor | E24: Great Power | F24: 51N3-GRTP-BTR-FSS-DE-G-0001 | G24: 51H2-E-BTR-DCA-DE-D-V-0001 | H24: GA FOR FSS | I24: Approval | J24: Document | K24: 46081 | N24: {=_xlfn.IFNA(LOOKUP(2, 1/(MOD(COLUMN(O24:XFD24)-COLUMN(O24), 5)=2)/(O24:XFD24<>""), O24:XFD24),"Not Submitted")} -> Cat. -I | Q24: Cat. -I | S24: Document received by Mr. Samrej Vahora on 24.03.2026 | BM24: =MID(F24,20,1) -> E
A25: 25 | B25: =$A$1 -> PSS08B_Adani Renewable Energy 35 Limited (ARE35L) | C25: Battery | D25: Vendor | E25: Great Power | F25: 51N3-GRTP-BTR-FSS-DE-D-0002 | G25: 51H2-E-BTR-DCA-DE-G-V-0001 | H25: FSS component details as per given format for FSS | I25: Information | J25: Drawing | K25: 46081 | N25: {=_xlfn.IFNA(LOOKUP(2, 1/(MOD(COLUMN(O25:XFD25)-COLUMN(O25), 5)=2)/(O25:XFD25<>""), O25:XFD25),"Not Submitted")} -> Cat. -IV | Q25: Cat. -IV | S25: Document received by Mr. Samrej Vahora on 16.04.2026 | BM25: =MID(F25,20,1) -> E
A26: 26 | B26: =$A$1 -> PSS08B_Adani Renewable Energy 35 Limited (ARE35L) | C26: Battery | D26: Vendor | E26: Great Power | F26: 51N3-GRTP-BTR-FSS-DE-R-0001 | G26: 51H2-E-BTR-DCA-BE-R-V-0001 | H26: FSS Certification and test report, including model numbers,compliance data and design calculation of aerosol and venting area for FSS | I26: Information | J26: Document | K26: 46081 | N26: {=_xlfn.IFNA(LOOKUP(2, 1/(MOD(COLUMN(O26:XFD26)-COLUMN(O26), 5)=2)/(O26:XFD26<>""), O26:XFD26),"Not Submitted")} -> Cat. -IV | Q26: Cat. -IV | S26: Document received by Mr. Krunalkumar Patel on 17.03.2026 | BM26: =MID(F26,20,1) -> E
A27: 27 | B27: =$A$1 -> PSS08B_Adani Renewable Energy 35 Limited (ARE35L) | C27: Battery | D27: Vendor | E27: Great Power | F27: 51N3-GRTP-BTR-DCA-DE-D-0001 | G27: 51H2-E-BTR-HVA-DE-D-V-0001 | H27: GTP (Technical Paramater detail) for DC Cable Termination Cabinet | I27: Approval | J27: Document | K27: 46081 | N27: {=_xlfn.IFNA(LOOKUP(2, 1/(MOD(COLUMN(O27:XFD27)-COLUMN(O27), 5)=2)/(O27:XFD27<>""), O27:XFD27),"Not Submitted")} -> Cat. -I | Q27: Cat. -I | S27: Document received by Mr. Krunalkumar Patel on 09.03.2026 | BM27: =MID(F27,20,1) -> E
A28: 28 | B28: =$A$1 -> PSS08B_Adani Renewable Energy 35 Limited (ARE35L) | C28: Battery | D28: Vendor | E28: Great Power | F28: 51N3-GRTP-BTR-DCA-DE-G-0001 | G28: 51H2-E-BTR-HVA-DE-G-V-0001 | H28: GA for DC Cable Termination Cabinet 1- CAD file & PDF 2- Terminal busbar drawing include hole size and position with lug integrated (shared by adani) 3-Detailed layout showing cable entry points and termination locations | I28: Approval | J28: Drawing | K28: 46081 | N28: {=_xlfn.IFNA(LOOKUP(2, 1/(MOD(COLUMN(O28:XFD28)-COLUMN(O28), 5)=2)/(O28:XFD28<>""), O28:XFD28),"Not Submitted")} -> Cat. -I | Q28: Cat. -I | S28: Document received by Mr. Krunalkumar Patel on 17.03.2026 | BM28: =MID(F28,20,1) -> E
A29: 29 | B29: =$A$1 -> PSS08B_Adani Renewable Energy 35 Limited (ARE35L) | C29: Battery | D29: Vendor | E29: Great Power | F29: 51N3-GRTP-BTR-DCA-DE-R-0001 | G29: 51H2-E-BTR-HVA-BE-R-V-0001 | H29: DC cable Termination component (Fuse, Breaker,SPD) Certification and test report, including model numbers and compliance data for DC Cable Termination Cabinet | I29: Information | J29: Document | K29: 46081 | N29: {=_xlfn.IFNA(LOOKUP(2, 1/(MOD(COLUMN(O29:XFD29)-COLUMN(O29), 5)=2)/(O29:XFD29<>""), O29:XFD29),"Not Submitted")} -> Cat. -IV | Q29: Cat. -IV | S29: Document received by Mr. Krunalkumar Patel on 09.03.2026 | BM29: =MID(F29,20,1) -> E
A30: 30 | B30: =$A$1 -> PSS08B_Adani Renewable Energy 35 Limited (ARE35L) | C30: Battery | D30: Vendor | E30: Great Power | F30: 51N3-GRTP-BTR-HVA-DE-D-0001 | G30: 51H2-E-BTR-LCO-DE-D-V-0001 | H30: GTP (Technical Paramater detail) for HVAC | I30: Approval | J30: Document | K30: 46081 | N30: {=_xlfn.IFNA(LOOKUP(2, 1/(MOD(COLUMN(O30:XFD30)-COLUMN(O30), 5)=2)/(O30:XFD30<>""), O30:XFD30),"Not Submitted")} -> Cat. -I | Q30: Cat. -I | S30: Document received by Mr. Samrej Vahora on 24.03.2026 | BM30: =MID(F30,20,1) -> E
A31: 31 | B31: =$A$1 -> PSS08B_Adani Renewable Energy 35 Limited (ARE35L) | C31: Battery | D31: Vendor | E31: Great Power | F31: 51N3-GRTP-BTR-HVA-DE-G-0001 | G31: 51H2-E-BTR-LCO-DE-G-V-0001 | H31: GA for HVAC | I31: Information | J31: Drawing | K31: 46081 | N31: {=_xlfn.IFNA(LOOKUP(2, 1/(MOD(COLUMN(O31:XFD31)-COLUMN(O31), 5)=2)/(O31:XFD31<>""), O31:XFD31),"Not Submitted")} -> Cat. -I | Q31: Cat. -I | S31: Document received by Mr. Samrej Vahora on 24.03.2026 | BM31: =MID(F31,20,1) -> E
A32: 32 | B32: =$A$1 -> PSS08B_Adani Renewable Energy 35 Limited (ARE35L) | C32: Battery | D32: Vendor | E32: Great Power | F32: 51N3-GRTP-BTR-HVA-DE-R-0001 | G32: 51H2-E-BTR-LCO-BE-R-V-0001 | H32: Certification including model numbers and compliance data for HVAC | I32: Information | J32: Document | K32: 46081 | N32: {=_xlfn.IFNA(LOOKUP(2, 1/(MOD(COLUMN(O32:XFD32)-COLUMN(O32), 5)=2)/(O32:XFD32<>""), O32:XFD32),"Not Submitted")} -> Cat. -IV | Q32: Cat. -IV | S32: Document received by Mr. Krunalkumar Patel on 09.03.2026 | BM32: =MID(F32,20,1) -> E
... A44: 44 | B44: =$A$1 -> PSS08B_Adani Renewable Energy 35 Limited (ARE35L) | C44: Battery | D44: Vendor | E44: Great Power | F44: 51N3-GRTP-BTR-GEN-DE-O-0002 | G44: 51H2-E-BTR-GEN-DE-D-V-0002 | H44: Model for System Design and Aux Calculation based on Ambient. | I44: Approval | J44: Document | K44: 46081 | N44: {=_xlfn.IFNA(LOOKUP(2, 1/(MOD(COLUMN(O44:XFD44)-COLUMN(O44), 5)=2)/(O44:XFD44<>""), O44:XFD44),"Not Submitted")} -> Cat. -I | Q44: Cat. -I | S44: Document received by Mr. Krunalkumar Patel on 09.03.2026 | BM44: =MID(F44,20,1) -> E
A45: 45 | B45: =$A$1 -> PSS08B_Adani Renewable Energy 35 Limited (ARE35L) | C45: Battery | D45: Vendor | E45: Great Power | F45: 51N3-GRTP-BTR-GEN-DE-O-0004 | G45: 51H2-E-BTR-GEN-DE-D-V-0003 | H45: Degradation profile considering cycle per day, DoD, temperature, etc. | I45: Approval | K45: 46081 | N45: {=_xlfn.IFNA(LOOKUP(2, 1/(MOD(COLUMN(O45:XFD45)-COLUMN(O45), 5)=2)/(O45:XFD45<>""), O45:XFD45),"Not Submitted")} -> Cat. -I | Q45: Cat. -I | S45: Document received by Mr. Krunalkumar Patel on 17.03.2026 | BM45: =MID(F45,20,1) -> E
A46: 46 | B46: =$A$1 -> PSS08B_Adani Renewable Energy 35 Limited (ARE35L) | C46: Battery | D46: Vendor | E46: Great Power | F46: 51N3-GRTP-BTR-GEN-DE-D-0001 | G46: 51H2-E-BTR-GEN-DE-O-V-0005 | H46: BESS Container Communication Interface & Scheme, Port details | I46: Information | K46: 46081 | N46: {=_xlfn.IFNA(LOOKUP(2, 1/(MOD(COLUMN(O46:XFD46)-COLUMN(O46), 5)=2)/(O46:XFD46<>""), O46:XFD46),"Not Submitted")} -> Cat. -IV | Q46: Cat. -IV | S46: Document received by Mr. Krunalkumar Patel on 17.03.2026 | BM46: =MID(F46,20,1) -> E
A47: 47 | B47: =$A$1 -> PSS08B_Adani Renewable Energy 35 Limited (ARE35L) | C47: Battery | D47: Vendor | E47: Great Power | F47: 51N3-GRTP-BTR-GEN-DE-M-0001 | G47: 51H2-E-BTR-GEN-DE-O-V-0006 | H47: O&M Manual and Installation & Transportation Manual | I47: Information | K47: 46081 | N47: {=_xlfn.IFNA(LOOKUP(2, 1/(MOD(COLUMN(O47:XFD47)-COLUMN(O47), 5)=2)/(O47:XFD47<>""), O47:XFD47),"Not Submitted")} -> Cat. -IV | Q47: Cat. -IV | S47: Document received by Mr. Krunalkumar Patel on 17.03.2026 | BM47: =MID(F47,20,1) -> E
A48: 48 | B48: =$A$1 -> PSS08B_Adani Renewable Energy 35 Limited (ARE35L) | C48: Battery | D48: Vendor | E48: Great Power | F48: 51N3-GRTP-BTR-GEN-DE-B-0001 | G48: 51H2-E-BTR-GEN-DE-N-V-0001 | H48: BOQ and spare parts list (all component list pack level, HV box, rack level, container level,etc..) | I48: Approval | K48: 46081 | N48: {=_xlfn.IFNA(LOOKUP(2, 1/(MOD(COLUMN(O48:XFD48)-COLUMN(O48), 5)=2)/(O48:XFD48<>""), O48:XFD48),"Not Submitted")} -> Cat. -I | Q48: Cat. -I | S48: Document received by Mr. Samrej Vahora on 24.03.2026 | BM48: =MID(F48,20,1) -> E
A49: 49 | B49: =$A$1 -> PSS08B_Adani Renewable Energy 35 Limited (ARE35L) | C49: Battery | D49: Vendor | E49: Great Power | F49: 51N3-GRTP-BTR-GEN-DE-R-0001 | G49: 51H2-E-BTR-GEN-DE-D-V-0004 | H49: Certification Summary | I49: Information | K49: 46081 | N49: {=_xlfn.IFNA(LOOKUP(2, 1/(MOD(COLUMN(O49:XFD49)-COLUMN(O49), 5)=2)/(O49:XFD49<>""), O49:XFD49),"Not Submitted")} -> Cat. -IV | Q49: Cat. -IV | S49: Document received by Mr. Krunalkumar Patel on 17.03.2026 | BM49: =MID(F49,20,1) -> E
A50: 50 | B50: =$A$1 -> PSS08B_Adani Renewable Energy 35 Limited (ARE35L) | C50: Battery | D50: Vendor | E50: Great Power | F50: 51N3-GRTP-BTR-GEN-DE-D-0002 | G50: 51H2-E-BTR-BCL-DE-R-V-0101 | H50: Details of BMS ethernet port for interface with EMS. | I50: Information | J50: Document | K50: 46081 | N50: {=_xlfn.IFNA(LOOKUP(2, 1/(MOD(COLUMN(O50:XFD50)-COLUMN(O50), 5)=2)/(O50:XFD50<>""), O50:XFD50),"Not Submitted")} -> Cat. -IV | Q50: Cat. -IV | S50: Document received by Mr. Krunalkumar Patel on 17.03.2026 | BM50: =MID(F50,20,1) -> E
A51: 51 | B51: =$A$1 -> PSS08B_Adani Renewable Energy 35 Limited (ARE35L) | C51: Battery | D51: Vendor | E51: Great Power | F51: 51N3-GRTP-BTR-GEN-DE-O-0005 | G51: 51H2-E-BTR-BAR-DE-D-V-0101 | H51: Modbus mapping register with complete description for all parameters. | I51: Information | J51: Document | K51: 46081 | N51: {=_xlfn.IFNA(LOOKUP(2, 1/(MOD(COLUMN(O51:XFD51)-COLUMN(O51), 5)=2)/(O51:XFD51<>""), O51:XFD51),"Not Submitted")} -> Cat. -IV | Q51: Cat. -IV | S51: Document received by Mr. Krunalkumar Patel on 17.03.2026 | BM51: =MID(F51,20,1) -> E
A52: 52 | B52: =$A$1 -> PSS08B_Adani Renewable Energy 35 Limited (ARE35L) | C52: Battery | D52: Vendor | E52: Great Power | F52: 51N3-GRTP-BTR-GEN-DE-N-0001 | G52: 51H2-E-BTR-BAR-DE-G-V-0101 | H52: BMS control philoshophy (Fail secnerios, mode of operation, Setpoints, Moderate/ mild/Severe alarm actions ) | I52: Information | J52: Drawing | K52: 46081 | N52: {=_xlfn.IFNA(LOOKUP(2, 1/(MOD(COLUMN(O52:XFD52)-COLUMN(O52), 5)=2)/(O52:XFD52<>""), O52:XFD52),"Not Submitted")} -> Cat. -IV | Q52: Cat. -IV | S52: Document received by Mr. Samrej Vahora on 24.03.2026 | BM52: =MID(F52,20,1) -> E
A53: 53 | B53: =$A$1 -> PSS08B_Adani Renewable Energy 35 Limited (ARE35L) | C53: Battery | D53: Vendor | E53: Great Power | F53: 51N3-GRTP-BTR-GEN-DE-D-0003 | G53: 51H2-E-BTR-BAR-BE-R-V-0101 | H53: BMS make and technical datasheet | I53: Information | J53: Document | K53: 46081 | N53: {=_xlfn.IFNA(LOOKUP(2, 1/(MOD(COLUMN(O53:XFD53)-COLUMN(O53), 5)=2)/(O53:XFD53<>""), O53:XFD53),"Not Submitted")} -> Cat. -IV | Q53: Cat. -IV | S53: Document received by Mr. Samrej Vahora on 24.03.2026 | BM53: =MID(F53,20,1) -> E
A54: 54 | B54: =$A$1 -> PSS08B_Adani Renewable Energy 35 Limited (ARE35L) | C54: PCS | D54: Vendor | E54: SINENG | F54: 51N3-SING-PCS-GEN-DE-N-0001 | G54: 51H2-E-PCS-GEN-DE-N-V-0001 | H54: System & Function Descriptions of PCS | I54: Information | J54: Drawing | N54: {=_xlfn.IFNA(LOOKUP(2, 1/(MOD(COLUMN(O54:XFD54)-COLUMN(O54), 5)=2)/(O54:XFD54<>""), O54:XFD54),"Not Submitted")} -> Cat. -IV | Q54: Cat. -IV | S54: Document received by Mr. Krunalkumar Patel on 05.03.2026 | BM54: =MID(F54,20,1) -> E
A55: 55 | B55: =$A$1 -> PSS08B_Adani Renewable Energy 35 Limited (ARE35L) | C55: PCS | D55: Vendor | E55: SINENG | F55: 51N3-SING-PCS-GEN-DE-D-0001 | G55: 51H2-E-PCS-GEN-DE-N-V-0002 | H55: GTP of PCS | I55: Approval | J55: Drawing | N55: {=_xlfn.IFNA(LOOKUP(2, 1/(MOD(COLUMN(O55:XFD55)-COLUMN(O55), 5)=2)/(O55:XFD55<>""), O55:XFD55),"Not Submitted")} -> Cat. -I_Star | Q55: Cat. -I_Star | S55: Document received by Mr. Krunalkumar Patel on 05.03.2026 | BM55: =MID(F55,20,1) -> E
A56: 56 | B56: =$A$1 -> PSS08B_Adani Renewable Energy 35 Limited (ARE35L) | C56: PCS | D56: Vendor | E56: SINENG | F56: 51N3-SING-PCS-GEN-DE-G-0001 | G56: 51H2-E-PCS-GEN-DE-N-V-0003 | H56: General Arrangements Drawing – PCS | I56: Approval | J56: Drawing | N56: {=_xlfn.IFNA(LOOKUP(2, 1/(MOD(COLUMN(O56:XFD56)-COLUMN(O56), 5)=2)/(O56:XFD56<>""), O56:XFD56),"Not Submitted")} -> Cat. -II | Q56: Cat. -II | S56: Document received by Mr. Krunalkumar Patel on 29.04.2026 | BM56: =MID(F56,20,1) -> E
A57: 57 | B57: =$A$1 -> PSS08B_Adani Renewable Energy 35 Limited (ARE35L) | C57: PCS | D57: Vendor | E57: SINENG | F57: 51N3-SING-PCS-GEN-DE-O-0001 | G57: 51H2-E-PCS-GEN-DE-G-V-0001 | H57: PCS 3D Model | I57: Information | J57: Drawing | N57: {=_xlfn.IFNA(LOOKUP(2, 1/(MOD(COLUMN(O57:XFD57)-COLUMN(O57), 5)=2)/(O57:XFD57<>""), O57:XFD57),"Not Submitted")} -> Cat. -IV | Q57: Cat. -IV | S57: Document received by Mr. Krunalkumar Patel on 29.04.2026 | BM57: =MID(F57,20,1) -> E
A58: 58 | B58: =$A$1 -> PSS08B_Adani Renewable Energy 35 Limited (ARE35L) | C58: PCS | D58: Vendor | E58: SINENG | F58: 51N3-SING-PCS-GEN-DE-R-0001 | G58: 51H2-E-PCS-PCS-DE-L-V-0001 | H58: PCS Desing Basis Report | I58: Approval | J58: Drawing | N58: {=_xlfn.IFNA(LOOKUP(2, 1/(MOD(COLUMN(O58:XFD58)-COLUMN(O58), 5)=2)/(O58:XFD58<>""), O58:XFD58),"Not Submitted")} -> delete | Q58: delete | S58: As per the received mail by Mr. Tinkle Khalasi_18.04.2026 | BM58: =MID(F58,20,1) -> E
A59: 59 | B59: =$A$1 -> PSS08B_Adani Renewable Energy 35 Limited (ARE35L) | C59: PCS | D59: Vendor | E59: SINENG | F59: 51N3-SING-PCS-GEN-DE-O-0002 | G59: 51H2-E-PCS-PCS-DE-I-V-0001 51H2-E-PCS-PCS-DE-I-V-0002 | H59: System level thermal profile as per site condition | I59: Information | J59: Drawing | N59: {=_xlfn.IFNA(LOOKUP(2, 1/(MOD(COLUMN(O59:XFD59)-COLUMN(O59), 5)=2)/(O59:XFD59<>""), O59:XFD59),"Not Submitted")} -> Cat. -IV | Q59: Cat. -IV | S59: Document received by Mr. Krunalkumar Patel on 29.04.2026 | BM59: =MID(F59,20,1) -> E
A60: 60 | B60: =$A$1 -> PSS08B_Adani Renewable Energy 35 Limited (ARE35L) | C60: PCS | D60: Vendor | E60: SINENG | F60: 51N3-SING-PCS-GEN-DE-E-0002 | G60: 51H2-E-PCS-PCS-BE-R-V-0001 | H60: PCS schematic wiring drawings | I60: Approval | J60: Document | N60: {=_xlfn.IFNA(LOOKUP(2, 1/(MOD(COLUMN(O60:XFD60)-COLUMN(O60), 5)=2)/(O60:XFD60<>""), O60:XFD60),"Not Submitted")} -> Cat. -II | Q60: Cat. -II | S60: Document received by Mr. Krunalkumar Patel on 29.04.2026 | BM60: =MID(F60,20,1) -> E
A61: 61 | B61: =$A$1 -> PSS08B_Adani Renewable Energy 35 Limited (ARE35L) | C61: PCS | D61: Vendor | E61: SINENG | F61: 51N3-SING-PCS-GEN-DE-B-0001 | G61: 51H2-E-PCS-GEN-DE-B-V-0001 | H61: Bill of material | I61: Approval | J61: Document | N61: {=_xlfn.IFNA(LOOKUP(2, 1/(MOD(COLUMN(O61:XFD61)-COLUMN(O61), 5)=2)/(O61:XFD61<>""), O61:XFD61),"Not Submitted")} -> Cat. -I_Star | Q61: Cat. -I_Star | S61: Document received by Mr. Krunalkumar Patel on 05.03.2026 | BM61: =MID(F61,20,1) -> E
A62: 62 | B62: =$A$1 -> PSS08B_Adani Renewable Energy 35 Limited (ARE35L) | C62: PCS | D62: Vendor | E62: SINENG | F62: 51N3-SING-PCS-GEN-DE-I-0001 | G62: 51H2-E-PCS-PCS-DE-O-V-0001 | H62: Interconnection Drawings | I62: Approval | J62: Drawing | N62: {=_xlfn.IFNA(LOOKUP(2, 1/(MOD(COLUMN(O62:XFD62)-COLUMN(O62), 5)=2)/(O62:XFD62<>""), O62:XFD62),"Not Submitted")} -> Cat. -II | Q62: Cat. -II | S62: Document received by Mr. Krunalkumar Patel on 29.04.2026 | BM62: =MID(F62,20,1) -> E
A63: 63 | B63: =$A$1 -> PSS08B_Adani Renewable Energy 35 Limited (ARE35L) | C63: PCS | D63: Vendor | E63: SINENG | F63: 51N3-SING-PCS-GEN-DE-G-0003 | G63: 51H2-E-PCS-PCS-DE-J-V-0001 | H63: Construction and installation drawing | I63: Approval | J63: Drawing | N63: {=_xlfn.IFNA(LOOKUP(2, 1/(MOD(COLUMN(O63:XFD63)-COLUMN(O63), 5)=2)/(O63:XFD63<>""), O63:XFD63),"Not Submitted")} -> Cat. -II | Q63: Cat. -II | S63: Document received by Mr. Krunalkumar Patel on 29.04.2026 | BM63: =MID(F63,20,1) -> E
A64: 64 | B64: =$A$1 -> PSS08B_Adani Renewable Energy 35 Limited (ARE35L) | C64: PCS | D64: Vendor | E64: SINENG | F64: 51N3-SING-PCS-GEN-DE-M-0001 | G64: 51H2-E-PCS-GEN-DE-G-V-0002 | H64: O & M manual | I64: Information | J64: Drawing | N64: {=_xlfn.IFNA(LOOKUP(2, 1/(MOD(COLUMN(O64:XFD64)-COLUMN(O64), 5)=2)/(O64:XFD64<>""), O64:XFD64),"Not Submitted")} -> Cat. -IV | Q64: Cat. -IV | S64: Document received by Mr. Krunalkumar Patel on 05.03.2026 | BM64: =MID(F64,20,1) -> E
A65: 65 | B65: =$A$1 -> PSS08B_Adani Renewable Energy 35 Limited (ARE35L) | C65: PCS | D65: Vendor | E65: SINENG | F65: 51N3-SING-PCS-GEN-DE-B-0002 | G65: 51H2-E-PCS-GEN-DE-G-V-0003 | H65: Maintenance schedule and activity plan | I65: Approval | J65: Drawing | N65: {=_xlfn.IFNA(LOOKUP(2, 1/(MOD(COLUMN(O65:XFD65)-COLUMN(O65), 5)=2)/(O65:XFD65<>""), O65:XFD65),"Not Submitted")} -> Cat. -I_Star | Q65: Cat. -I_Star | S65: Document received by Mr. Krunalkumar Patel on 29.04.2026 | BM65: =MID(F65,20,1) -> E
... A83: 83 | B83: =$A$1 -> PSS08B_Adani Renewable Energy 35 Limited (ARE35L) | C83: PCS | D83: Vendor | E83: SINENG | F83: 51N3-SING-PCS-GEN-DE-O-0005 | G83: 51H2-E-PCS-PCS-DE-B-V-0002 | H83: Detailed Lock-out Procedure and Equipment safety Procedure | I83: Information | J83: Document | N83: {=_xlfn.IFNA(LOOKUP(2, 1/(MOD(COLUMN(O83:XFD83)-COLUMN(O83), 5)=2)/(O83:XFD83<>""), O83:XFD83),"Not Submitted")} -> Cat. -IV | Q83: Cat. -IV | S83: Document received by Mr. Krunalkumar Patel on 24.06.2026 | BM83: =MID(F83,20,1) -> E
A84: 84 | B84: =$A$1 -> PSS08B_Adani Renewable Energy 35 Limited (ARE35L) | C84: PCS | D84: Vendor | E84: SINENG | F84: 51N3-SING-PCS-GEN-DE-L-0001 | G84: 51H2-E-PCS-PCS-DE-I-V-0004 | H84: 2D drawing | J84: Drawing | N84: {=_xlfn.IFNA(LOOKUP(2, 1/(MOD(COLUMN(O84:XFD84)-COLUMN(O84), 5)=2)/(O84:XFD84<>""), O84:XFD84),"Not Submitted")} -> Cat. -IV | Q84: Cat. -IV | S84: Document received by Mr. Samrej Vahora on 27.06.2026 | BM84: =MID(F84,20,1) -> E
A85: 85 | B85: =$A$1 -> PSS08B_Adani Renewable Energy 35 Limited (ARE35L) | C85: PCS | D85: Vendor | E85: SINENG | F85: 51N3-SING-PCS-GEN-DE-L-0002 | G85: 51H2-E-PCS-PCS-DE-O-V-0003 | H85: 3D Drawing | J85: Drawing | N85: {=_xlfn.IFNA(LOOKUP(2, 1/(MOD(COLUMN(O85:XFD85)-COLUMN(O85), 5)=2)/(O85:XFD85<>""), O85:XFD85),"Not Submitted")} -> Cat. -IV | Q85: Cat. -IV | S85: Document received by Mr. Samrej Vahora on 27.06.2026 | BM85: =MID(F85,20,1) -> E
A86: 86 | B86: =$A$1 -> PSS08B_Adani Renewable Energy 35 Limited (ARE35L) | C86: PCS | D86: Vendor | E86: SINENG | F86: 51N3-SING-PCS-GEN-DE-O-0006 | G86: 51H2-E-PCS-PCS-DE-M-V-0004 | H86: PSSE Model | J86: Document | N86: {=_xlfn.IFNA(LOOKUP(2, 1/(MOD(COLUMN(O86:XFD86)-COLUMN(O86), 5)=2)/(O86:XFD86<>""), O86:XFD86),"Not Submitted")} -> Cat. -IV | Q86: Cat. -IV | S86: Document received by Mr. Samrej Vahora on 27.06.2026 | BM86: =MID(F86,20,1) -> E
A87: 87 | B87: =$A$1 -> PSS08B_Adani Renewable Energy 35 Limited (ARE35L) | C87: PCS | D87: Vendor | E87: SINENG | F87: 51N3-SING-PCS-GEN-DE-O-0007 | G87: 51H2-E-PCS-PCS-DE-O-V-0004 | H87: PSCAD Model | J87: Drawing | N87: {=_xlfn.IFNA(LOOKUP(2, 1/(MOD(COLUMN(O87:XFD87)-COLUMN(O87), 5)=2)/(O87:XFD87<>""), O87:XFD87),"Not Submitted")} -> Cat. -IV | Q87: Cat. -IV | S87: Document received by Mr. Samrej Vahora on 27.06.2026 | BM87: =MID(F87,20,1) -> E
A88: 88 | B88: =$A$1 -> PSS08B_Adani Renewable Energy 35 Limited (ARE35L) | C88: CSS | D88: Vendor | E88: Akshar | F88: 51N3-AKSR-CSS-GEN-DE-G-0001 | G88: 51H2-E-SGR-AUT-DE-O-V-0001 | H88: Detailed drawings for 2500KVA, 33 KV CSS (Auxilary Transformer) with Civil foundation | I88: Approval | J88: Drawing | K88: 46053 | N88: {=_xlfn.IFNA(LOOKUP(2, 1/(MOD(COLUMN(O88:XFD88)-COLUMN(O88), 5)=2)/(O88:XFD88<>""), O88:XFD88),"Not Submitted")} -> Cat. -II | O88: NR | T88: NR | U88: 46058 | V88: Cat. -II | BM88: =MID(F88,20,1) -> E
A89: 89 | B89: =$A$1 -> PSS08B_Adani Renewable Energy 35 Limited (ARE35L) | C89: HT Panel-Outdoor | D89: Vendor | E89: Symatic | F89: 51N3-SYMC-OHP-HGR-DE-G-0001 | G89: 51H2-E-SGR-HGR-DE-G-V-0001 | H89: GA and Electrical drawing(SLD& Scheme) with BOM (With Foundation Drawing) | K89: 46142 | N89: {=_xlfn.IFNA(LOOKUP(2, 1/(MOD(COLUMN(O89:XFD89)-COLUMN(O89), 5)=2)/(O89:XFD89<>""), O89:XFD89),"Not Submitted")} -> Cat. -I | O89: 46163 | P89: 46163 | Q89: Cat. -I | R89: XXXX-BESS-SITE-T-0001 | T89: 46245 | U89: 46245 | V89: Cat. -I | X89: Rev.05 | BM89: =MID(F89,20,1) -> E
A90: 90 | B90: =$A$1 -> PSS08B_Adani Renewable Energy 35 Limited (ARE35L) | C90: ACDB | D90: Vendor | E90: Prima Automation | F90: 51N3-PRMA-ACD-GEN-DE-G-0001 | G90: 51H2-E-SGR-ACD-DE-G-V-0001 | H90: GA and Electrical drawing with BOM (With Foundation Drawing) | K90: 46050 | N90: {=_xlfn.IFNA(LOOKUP(2, 1/(MOD(COLUMN(O90:XFD90)-COLUMN(O90), 5)=2)/(O90:XFD90<>""), O90:XFD90),"Not Submitted")} -> Cat. -I | O90: NR | P90: 46197 | Q90: Cat. -I | T90: NR | U90: 46206 | V90: Cat. -I | X90: Rev.07 | BM90: =MID(F90,20,1) -> E
A91: 91 | B91: =$A$1 -> PSS08B_Adani Renewable Energy 35 Limited (ARE35L) | C91: EMS | D91: Vendor | E91: Vendor | F91: 51N3-XXXX-EMS-GEN-DI-D-0001 | G91: 51H2-E-CNI-EMS-DE-D-V-0001 | H91: Control and communication data sheet | J91: Document | N91: {=_xlfn.IFNA(LOOKUP(2, 1/(MOD(COLUMN(O91:XFD91)-COLUMN(O91), 5)=2)/(O91:XFD91<>""), O91:XFD91),"Not Submitted")} -> Not Submitted | BM91: =MID(F91,20,1) -> I
A92: 92 | B92: =$A$1 -> PSS08B_Adani Renewable Energy 35 Limited (ARE35L) | C92: HT Cable | D92: Vendor | E92: Vendor | F92: 51N3-XXXX-HTC-GEN-DE-D-0001 | G92: 51H2-E-HLC-HTC-DE-D-V-0001 | H92: GTP FOR 3C X 400 SQMM HT CABLE. | N92: {=_xlfn.IFNA(LOOKUP(2, 1/(MOD(COLUMN(O92:XFD92)-COLUMN(O92), 5)=2)/(O92:XFD92<>""), O92:XFD92),"Not Submitted")} -> Not Submitted | BM92: =MID(F92,20,1) -> E
A93: 93 | B93: =$A$1 -> PSS08B_Adani Renewable Energy 35 Limited (ARE35L) | C93: HT Cable | D93: Vendor | E93: Vendor | F93: 51N3-XXXX-HTC-GEN-DE-D-0001 | G93: 51H2-E-HLC-HTC-DE-D-V-0002 | H93: GTP FOR 3C X 400 SQMM HT CABLE. | N93: {=_xlfn.IFNA(LOOKUP(2, 1/(MOD(COLUMN(O93:XFD93)-COLUMN(O93), 5)=2)/(O93:XFD93<>""), O93:XFD93),"Not Submitted")} -> Not Submitted | BM93: =MID(F93,20,1) -> E
A94: 94 | B94: =$A$1 -> PSS08B_Adani Renewable Energy 35 Limited (ARE35L) | C94: LT Cable | D94: Vendor | E94: Vendor | F94: 51N3-XXXX-LTC-GEN-DE-D-0001 | G94: 51H2-E-HLC-LTC-DE-D-V-0001 | H94: GTP FOR 1CX400 SQQM LT CABLE | N94: {=_xlfn.IFNA(LOOKUP(2, 1/(MOD(COLUMN(O94:XFD94)-COLUMN(O94), 5)=2)/(O94:XFD94<>""), O94:XFD94),"Not Submitted")} -> Not Submitted | BM94: =MID(F94,20,1) -> E
A95: 95 | B95: =$A$1 -> PSS08B_Adani Renewable Energy 35 Limited (ARE35L) | C95: LT Cable | D95: Vendor | E95: Vendor | F95: 51N3-XXXX-LTC-GEN-DE-D-0001 | G95: 51H2-E-HLC-LTC-DE-D-V-0002 | H95: GTP FOR 3.5Cx300 sq mm, 3.5Cx50 sq mm LT CABLE | N95: {=_xlfn.IFNA(LOOKUP(2, 1/(MOD(COLUMN(O95:XFD95)-COLUMN(O95), 5)=2)/(O95:XFD95<>""), O95:XFD95),"Not Submitted")} -> Not Submitted | BM95: =MID(F95,20,1) -> E
A96: 96 | B96: =$A$1 -> PSS08B_Adani Renewable Energy 35 Limited (ARE35L) | C96: Control Cable | D96: Vendor | E96: Vendor | F96: 51N3-XXXX-CIC-GEN-DE-D-0001 | G96: 51H2-E-HLC-CIC-DE-D-V-0001 | H96: GTP of LT 1.1 kV YWY CONTROL CABLE (3C X 2.5 SQ.MM., 5C X 2.5 SQ.MM., 7C X 2.5 SQ.MM., & 4C X 6 SQ.MM.) & A2XFY POWER CABLE (4CX25 SQ.MM.) | N96: {=_xlfn.IFNA(LOOKUP(2, 1/(MOD(COLUMN(O96:XFD96)-COLUMN(O96), 5)=2)/(O96:XFD96<>""), O96:XFD96),"Not Submitted")} -> Not Submitted | BM96: =MID(F96,20,1) -> E
A97: 97 | B97: =$A$1 -> PSS08B_Adani Renewable Energy 35 Limited (ARE35L) | C97: Opteical fiber cable | D97: Vendor | E97: Vendor | F97: 51N3-XXXX-OFC-GEN-DE-D-0001 | G97: 51H2-E-HLC-CIC-DE-D-V-0002 | H97: 12F G.652D MT DS ARMOURED Optical Fiber Cable | N97: {=_xlfn.IFNA(LOOKUP(2, 1/(MOD(COLUMN(O97:XFD97)-COLUMN(O97), 5)=2)/(O97:XFD97<>""), O97:XFD97),"Not Submitted")} -> Not Submitted | BM97: =MID(F97,20,1) -> E
A98: 98 | B98: =$A$1 -> PSS08B_Adani Renewable Energy 35 Limited (ARE35L) | C98: PEB Building | D98: Vendor | E98: Vendor | F98: 51N3-XXXX-PEB-LCR-DC-G-0001 | G98: 51H2-E-PEB-LCR-DC-G-V-0001 | H98: PEB details for Local Control Room | I98: Approval | J98: Drawing | N98: {=_xlfn.IFNA(LOOKUP(2, 1/(MOD(COLUMN(O98:XFD98)-COLUMN(O98), 5)=2)/(O98:XFD98<>""), O98:XFD98),"Not Submitted")} -> Delete | Q98: Delete | S98: As per the received mail from Mr. punith_18.06.2026 | BM98: =MID(F98,20,1) -> C
A99: 99 | B99: =$A$1 -> PSS08B_Adani Renewable Energy 35 Limited (ARE35L) | C99: PEB Building | D99: Vendor | E99: Vendor | F99: 51N3-XXXX-PEB-LCR-DC-G-0002 | G99: 51H2-E-PEB-LCR-DC-G-V-0002 | H99: Anchor Bolt for Local Control Room | I99: Approval | J99: Drawing | N99: {=_xlfn.IFNA(LOOKUP(2, 1/(MOD(COLUMN(O99:XFD99)-COLUMN(O99), 5)=2)/(O99:XFD99<>""), O99:XFD99),"Not Submitted")} -> Delete | Q99: Delete | S99: As per the received mail from Mr. punith_18.06.2026 | BM99: =MID(F99,20,1) -> C
A100: 100 | B100: =$A$1 -> PSS08B_Adani Renewable Energy 35 Limited (ARE35L) | C100: PEB Building | D100: Vendor | E100: Vendor | F100: 51N3-XXXX-PEB-HGR-DC-G-0001 | G100: 51H2-E-PEB-SGR-DC-G-V-0001 | H100: PEB details for Outdoor Switchgear Room | I100: Approval | J100: Drawing | N100: {=_xlfn.IFNA(LOOKUP(2, 1/(MOD(COLUMN(O100:XFD100)-COLUMN(O100), 5)=2)/(O100:XFD100<>""), O100:XFD100),"Not Submitted")} -> Delete | Q100: Delete | S100: As per the received mail from Mr. punith_18.06.2026 | BM100: =MID(F100,20,1) -> C
A101: 101 | B101: =$A$1 -> PSS08B_Adani Renewable Energy 35 Limited (ARE35L) | C101: PEB Building | D101: Vendor | E101: Vendor | F101: 51N3-XXXX-PEB-HGR-DC-G-0002 | G101: 51H2-E-PEB-SGR-DC-G-V-0002 | H101: Anchor Bolt for Outdoor Switchgear Room | I101: Approval | J101: Drawing | N101: {=_xlfn.IFNA(LOOKUP(2, 1/(MOD(COLUMN(O101:XFD101)-COLUMN(O101), 5)=2)/(O101:XFD101<>""), O101:XFD101),"Not Submitted")} -> Delete | Q101: Delete | S101: As per the received mail from Mr. punith_18.06.2026 | BM101: =MID(F101,20,1) -> C
A102: 102 | B102: =$A$1 -> PSS08B_Adani Renewable Energy 35 Limited (ARE35L) | C102: EMS | D102: Vendor | E102: Emerson | F102: 51N3-EMSN-EMS-GEN-DI-D-0001 | G102: 51H2-E-EMS-EMS-DE-Q-V-0001 | H102: Datasheet for Controller and its components | I102: Approval | J102: Drawing | K102: 46088 | N102: {=_xlfn.IFNA(LOOKUP(2, 1/(MOD(COLUMN(O102:XFD102)-COLUMN(O102), 5)=2)/(O102:XFD102<>""), O102:XFD102),"Not Submitted")} -> Not Submitted | BM102: =MID(F102,20,1) -> I
A103: 103 | B103: =$A$1 -> PSS08B_Adani Renewable Energy 35 Limited (ARE35L) | C103: EMS | D103: Vendor | E103: Emerson | F103: 51N3-EMSN-EMS-GEN-DI-D-0002 | G103: 51H2-E-EMS-EMS-DE-I-V-0001 | H103: Datasheet for I/O Module (AI/AO/DI/DO) | I103: Approval | J103: Drawing | K103: 46088 | N103: {=_xlfn.IFNA(LOOKUP(2, 1/(MOD(COLUMN(O103:XFD103)-COLUMN(O103), 5)=2)/(O103:XFD103<>""), O103:XFD103),"Not Submitted")} -> Not Submitted | BM103: =MID(F103,20,1) -> I
A104: 104 | B104: =$A$1 -> PSS08B_Adani Renewable Energy 35 Limited (ARE35L) | C104: EMS | D104: Vendor | E104: Emerson | F104: 51N3-EMSN-EMS-GEN-DI-D-0003 | G104: 51H2-E-EMS-EMS-DE-D-V-0001 | H104: Datasheet for Engineering Server / Operator Workstation / Monitor | I104: Approval | J104: Document | K104: 46302 | N104: {=_xlfn.IFNA(LOOKUP(2, 1/(MOD(COLUMN(O104:XFD104)-COLUMN(O104), 5)=2)/(O104:XFD104<>""), O104:XFD104),"Not Submitted")} -> Not Submitted | BM104: =MID(F104,20,1) -> I
A105: 105 | B105: =$A$1 -> PSS08B_Adani Renewable Energy 35 Limited (ARE35L) | C105: EMS | D105: Vendor | E105: Emerson | F105: 51N3-EMSN-EMS-GEN-DI-D-0004 | G105: 51H2-E-EMS-EMS-DE-D-V-0002 | H105: Datasheet for Printers | I105: Approval | J105: Document | K105: 46088 | N105: {=_xlfn.IFNA(LOOKUP(2, 1/(MOD(COLUMN(O105:XFD105)-COLUMN(O105), 5)=2)/(O105:XFD105<>""), O105:XFD105),"Not Submitted")} -> Not Submitted | BM105: =MID(F105,20,1) -> I
A106: 106 | B106: =$A$1 -> PSS08B_Adani Renewable Energy 35 Limited (ARE35L) | C106: EMS | D106: Vendor | E106: Emerson | F106: 51N3-EMSN-EMS-GEN-DI-D-0005 | G106: 51H2-E-EMS-EMS-DE-O-V-0001 | H106: Datasheet for Cisco Network Switch | I106: Approval | J106: Drawing | K106: 46088 | N106: {=_xlfn.IFNA(LOOKUP(2, 1/(MOD(COLUMN(O106:XFD106)-COLUMN(O106), 5)=2)/(O106:XFD106<>""), O106:XFD106),"Not Submitted")} -> Not Submitted | BM106: =MID(F106,20,1) -> I
A107: 107 | B107: =$A$1 -> PSS08B_Adani Renewable Energy 35 Limited (ARE35L) | C107: EMS | D107: Vendor | E107: Emerson | F107: 51N3-EMSN-EMS-GEN-DI-D-0006 | G107: 51H2-E-EMS-EMS-DE-O-V-0002 | H107: Datasheet of DO Relay | I107: Approval | J107: Drawing | K107: 46088 | N107: {=_xlfn.IFNA(LOOKUP(2, 1/(MOD(COLUMN(O107:XFD107)-COLUMN(O107), 5)=2)/(O107:XFD107<>""), O107:XFD107),"Not Submitted")} -> Not Submitted | BM107: =MID(F107,20,1) -> I
A108: 108 | B108: =$A$1 -> PSS08B_Adani Renewable Energy 35 Limited (ARE35L) | C108: EMS | D108: Vendor | E108: Emerson | F108: 51N3-EMSN-EMS-GEN-DI-D-0007 | G108: 51H2-E-EMS-EMS-DE-I-V-0002 | H108: Datasheet of GPS | I108: Approval | J108: Drawing | K108: 46088 | N108: {=_xlfn.IFNA(LOOKUP(2, 1/(MOD(COLUMN(O108:XFD108)-COLUMN(O108), 5)=2)/(O108:XFD108<>""), O108:XFD108),"Not Submitted")} -> Not Submitted | BM108: =MID(F108,20,1) -> I
A109: 109 | B109: =$A$1 -> PSS08B_Adani Renewable Energy 35 Limited (ARE35L) | C109: EMS | D109: Vendor | E109: Emerson | F109: 51N3-EMSN-EMS-GEN-DI-D-0008 | G109: 51H2-E-EMS-EMS-DE-E-V-0001 | H109: Datasheet of Console Desk & Printer Table | I109: Approval | J109: Drawing | K109: 46119 | N109: {=_xlfn.IFNA(LOOKUP(2, 1/(MOD(COLUMN(O109:XFD109)-COLUMN(O109), 5)=2)/(O109:XFD109<>""), O109:XFD109),"Not Submitted")} -> Not Submitted | BM109: =MID(F109,20,1) -> I
A110: 110 | B110: =$A$1 -> PSS08B_Adani Renewable Energy 35 Limited (ARE35L) | C110: EMS | D110: Vendor | E110: Emerson | F110: 51N3-EMSN-EMS-GEN-DI-D-0009 | G110: 51H2-E-EMS-EMS-DE-D-V-0003 | H110: Datasheet of 55' LED | I110: Approval | J110: Document | K110: 46119 | N110: {=_xlfn.IFNA(LOOKUP(2, 1/(MOD(COLUMN(O110:XFD110)-COLUMN(O110), 5)=2)/(O110:XFD110<>""), O110:XFD110),"Not Submitted")} -> Not Submitted | BM110: =MID(F110,20,1) -> I
A111: 111 | B111: =$A$1 -> PSS08B_Adani Renewable Energy 35 Limited (ARE35L) | C111: EMS | D111: Vendor | E111: Emerson | F111: 51N3-EMSN-EMS-GEN-DI-D-0010 | G111: 51H2-E-EMS-EMS-DE-O-V-0003 | H111: Data Sheet of Link Interface Unit | I111: Approval | J111: Drawing | K111: 46119 | N111: {=_xlfn.IFNA(LOOKUP(2, 1/(MOD(COLUMN(O111:XFD111)-COLUMN(O111), 5)=2)/(O111:XFD111<>""), O111:XFD111),"Not Submitted")} -> Not Submitted | BM111: =MID(F111,20,1) -> I
A112: 112 | B112: =$A$1 -> PSS08B_Adani Renewable Energy 35 Limited (ARE35L) | C112: EMS | D112: Vendor | E112: Emerson | F112: 51N3-EMSN-EMS-GEN-DI-D-0011 | G112: 51H2-E-EMS-EMS-DE-E-V-0002 | H112: Data Sheet of Patch Panel and Patch Chords (for RJ45 and FO) | I112: Approval | J112: Drawing | K112: 46119 | N112: {=_xlfn.IFNA(LOOKUP(2, 1/(MOD(COLUMN(O112:XFD112)-COLUMN(O112), 5)=2)/(O112:XFD112<>""), O112:XFD112),"Not Submitted")} -> Not Submitted | BM112: =MID(F112,20,1) -> I
A113: 113 | B113: =$A$1 -> PSS08B_Adani Renewable Energy 35 Limited (ARE35L) | C113: EMS | D113: Vendor | E113: Emerson | F113: 51N3-EMSN-EMS-GEN-DI-D-0012 | G113: 51H2-E-EMS-EMS-DE-O-V-0004 | H113: Datasheet of DR PC and Monitor | I113: Information | J113: Drawing | K113: 46302 | N113: {=_xlfn.IFNA(LOOKUP(2, 1/(MOD(COLUMN(O113:XFD113)-COLUMN(O113), 5)=2)/(O113:XFD113<>""), O113:XFD113),"Not Submitted")} -> Not Submitted | BM113: =MID(F113,20,1) -> I
... A126: 126 | B126: =$A$1 -> PSS08B_Adani Renewable Energy 35 Limited (ARE35L) | C126: EMS | D126: Vendor | E126: Emerson | F126: 51N3-EMSN-EMS-GEN-DI-E-0002 | G126: 51H2-E-EMS-EMS-DE-N-V-0001 | H126: Panel Grounding Scheme | I126: Approval | J126: Document | K126: 46218 | N126: {=_xlfn.IFNA(LOOKUP(2, 1/(MOD(COLUMN(O126:XFD126)-COLUMN(O126), 5)=2)/(O126:XFD126<>""), O126:XFD126),"Not Submitted")} -> Not Submitted | BM126: =MID(F126,20,1) -> I
B127: =$A$1 -> PSS08B_Adani Renewable Energy 35 Limited (ARE35L) | C127: EMS | D127: Vendor | E127: Emerson | F127: 51N3-EMSN-EMS-GEN-DI-D-0020 | H127: I/O List | K127: 46218 | N127: {=_xlfn.IFNA(LOOKUP(2, 1/(MOD(COLUMN(O127:XFD127)-COLUMN(O127), 5)=2)/(O127:XFD127<>""), O127:XFD127),"Not Submitted")} -> Not Submitted | BM127: =MID(F127,20,1) -> I
B128: =$A$1 -> PSS08B_Adani Renewable Energy 35 Limited (ARE35L) | C128: EMS | D128: Vendor | E128: Emerson | F128: 51N3-EMSN-EMS-GEN-DI-M-0001 | H128: Operation and Maintenance Manual | K128: 46223 | N128: {=_xlfn.IFNA(LOOKUP(2, 1/(MOD(COLUMN(O128:XFD128)-COLUMN(O128), 5)=2)/(O128:XFD128<>""), O128:XFD128),"Not Submitted")} -> Not Submitted | BM128: =MID(F128,20,1) -> I
B129: =$A$1 -> PSS08B_Adani Renewable Energy 35 Limited (ARE35L) | C129: EMS | D129: Vendor | E129: Emerson | F129: 51N3-EMSN-EMS-GEN-DI-I-0001 | H129: Interconnection Detail drawing | K129: 46228 | N129: {=_xlfn.IFNA(LOOKUP(2, 1/(MOD(COLUMN(O129:XFD129)-COLUMN(O129), 5)=2)/(O129:XFD129<>""), O129:XFD129),"Not Submitted")} -> Not Submitted | BM129: =MID(F129,20,1) -> I
B130: =$A$1 -> PSS08B_Adani Renewable Energy 35 Limited (ARE35L) | C130: EMS | D130: Vendor | E130: Emerson | F130: 51N3-EMSN-EMS-SCD-DI-S-0001 | H130: Functional Design Specification | K130: 46223 | N130: {=_xlfn.IFNA(LOOKUP(2, 1/(MOD(COLUMN(O130:XFD130)-COLUMN(O130), 5)=2)/(O130:XFD130<>""), O130:XFD130),"Not Submitted")} -> Not Submitted | BM130: =MID(F130,20,1) -> I
B131: =$A$1 -> PSS08B_Adani Renewable Energy 35 Limited (ARE35L) | C131: EMS | D131: Vendor | E131: Emerson | F131: 51N3-EMSN-EMS-SCD-DI-E-0001 | H131: Signal exchange signal | K131: 46223 | N131: {=_xlfn.IFNA(LOOKUP(2, 1/(MOD(COLUMN(O131:XFD131)-COLUMN(O131), 5)=2)/(O131:XFD131<>""), O131:XFD131),"Not Submitted")} -> Not Submitted | BM131: =MID(F131,20,1) -> I
B132: =$A$1 -> PSS08B_Adani Renewable Energy 35 Limited (ARE35L) | C132: EMS | D132: Vendor | E132: Emerson | F132: 51N3-EMSN-EMS-SCD-DI-I-0001 | H132: Control Logic PDF | K132: 46223 | N132: {=_xlfn.IFNA(LOOKUP(2, 1/(MOD(COLUMN(O132:XFD132)-COLUMN(O132), 5)=2)/(O132:XFD132<>""), O132:XFD132),"Not Submitted")} -> Not Submitted | BM132: =MID(F132,20,1) -> I
B133: =$A$1 -> PSS08B_Adani Renewable Energy 35 Limited (ARE35L) | C133: EMS | D133: Vendor | E133: Emerson | F133: 51N3-EMSN-EMS-SCD-DI-O-0001 | H133: SCADA HMI Screens PDF | K133: 46228 | N133: {=_xlfn.IFNA(LOOKUP(2, 1/(MOD(COLUMN(O133:XFD133)-COLUMN(O133), 5)=2)/(O133:XFD133<>""), O133:XFD133),"Not Submitted")} -> Not Submitted | BM133: =MID(F133,20,1) -> I
B134: =$A$1 -> PSS08B_Adani Renewable Energy 35 Limited (ARE35L) | C134: EMS | D134: Vendor | E134: Emerson | F134: 51N3-EMSN-EMS-SCD-DI-O-0002 | H134: FAT Procedure | K134: 46223 | N134: {=_xlfn.IFNA(LOOKUP(2, 1/(MOD(COLUMN(O134:XFD134)-COLUMN(O134), 5)=2)/(O134:XFD134<>""), O134:XFD134),"Not Submitted")} -> Not Submitted | BM134: =MID(F134,20,1) -> I
B135: =$A$1 -> PSS08B_Adani Renewable Energy 35 Limited (ARE35L) | C135: EMS | D135: Vendor | E135: Emerson | F135: 51N3-EMSN-EMS-SCD-DI-O-0003 | H135: SAT Procedure | K135: 46223 | N135: {=_xlfn.IFNA(LOOKUP(2, 1/(MOD(COLUMN(O135:XFD135)-COLUMN(O135), 5)=2)/(O135:XFD135<>""), O135:XFD135),"Not Submitted")} -> Not Submitted | BM135: =MID(F135,20,1) -> I
B136: =$A$1 -> PSS08B_Adani Renewable Energy 35 Limited (ARE35L) | C136: EMS | D136: Vendor | E136: Emerson | F136: 51N3-EMSN-EMS-SCD-DI-M-0001 | H136: Software Manuals (Softcopy) | K136: 46220 | N136: {=_xlfn.IFNA(LOOKUP(2, 1/(MOD(COLUMN(O136:XFD136)-COLUMN(O136), 5)=2)/(O136:XFD136<>""), O136:XFD136),"Not Submitted")} -> Not Submitted | BM136: =MID(F136,20,1) -> I
B137: =$A$1 -> PSS08B_Adani Renewable Energy 35 Limited (ARE35L) | C137: EMS | D137: Vendor | E137: Emerson | F137: 51N3-EMSN-EMS-SCD-DI-O-0004 | H137: Pre-Commissioning and Commissioning Test Procedure | K137: 46220 | N137: {=_xlfn.IFNA(LOOKUP(2, 1/(MOD(COLUMN(O137:XFD137)-COLUMN(O137), 5)=2)/(O137:XFD137<>""), O137:XFD137),"Not Submitted")} -> Not Submitted | BM137: =MID(F137,20,1) -> I
B138: =$A$1 -> PSS08B_Adani Renewable Energy 35 Limited (ARE35L) | C138: EMS | D138: Vendor | E138: Emerson | F138: 51N3-EMSN-EMS-SCD-DI-D-0001 | H138: IP List | K138: 46220 | N138: {=_xlfn.IFNA(LOOKUP(2, 1/(MOD(COLUMN(O138:XFD138)-COLUMN(O138), 5)=2)/(O138:XFD138<>""), O138:XFD138),"Not Submitted")} -> Not Submitted | BM138: =MID(F138,20,1) -> I
B139: =$A$1 -> PSS08B_Adani Renewable Energy 35 Limited (ARE35L) | C139: EMS | D139: Vendor | E139: Emerson | F139: 51N3-EMSN-EMS-OTH-DI-S-0001 | H139: Cyber Security specifciation | K139: 46223 | N139: {=_xlfn.IFNA(LOOKUP(2, 1/(MOD(COLUMN(O139:XFD139)-COLUMN(O139), 5)=2)/(O139:XFD139<>""), O139:XFD139),"Not Submitted")} -> Not Submitted | BM139: =MID(F139,20,1) -> I
A140: 127 | B140: =$A$1 -> PSS08B_Adani Renewable Energy 35 Limited (ARE35L) | C140: Harmonic Filter | D140: Vendor | E140: Vendor | F140: 51N3-XXXX-HFL-GEN-DE-G-0001 | H140: General Arrangement Layout Drawing | N140: {=_xlfn.IFNA(LOOKUP(2, 1/(MOD(COLUMN(O140:XFD140)-COLUMN(O140), 5)=2)/(O140:XFD140<>""), O140:XFD140),"Not Submitted")} -> Not Submitted | BM140: =MID(F140,20,1) -> E
...

Sheet PSS10B
A1: PSS10B_Adani Renewable Energy 35 Limited (ARE35L) | O1: Rev.00 | T1: Rev.01 | Y1: Rev.02 | AD1: Rev.03 | AI1: Rev.04/0E | AN1: Rev.05/0F | AS1: Rev.06/0G | AX1: Rev.07/0H | BC1: Rev.08/0I | BH1: Rev.09/0J
A2: Sr. No. | B2: Project | C2: Package | D2: In-house/Vendor | E2: In-house/Vendor Name2 | F2: New_Drawing / Document Number | G2: Drawing / Document Number | H2: Document Title | I2: Document Category | J2: DOCUMENT TYPE | K2: Schedule Date | L2: FORECAST DATE | M2: Weightage | N2: Status | O2: Recd Date_00 | P2: Comment date_00 | Q2: Status_00 | R2: XMTL No._00 | S2: Remarks_00 | T2: Recd Date_01 | U2: Comment date_01 | V2: Status_01 | W2: XMTL No._01 | X2: Remarks_01 | Y2: Recd Date_02 | Z2: Comment date_02 | AA2: Status_02 | AB2: XMTL No._02 | AC2: Remarks_02 | AD2: Recd Date_03 | AE2: Comment date_03 | AF2: Status_03 | AG2: XMTL No._03 | AH2: Remarks_03 | AI2: Recd Date_04 | AJ2: Comment date_04 | AK2: Status_04 | AL2: XMTL No._04 | AM2: Remarks_04 | AN2: Recd Date_05 | AO2: Comment date_05 | AP2: Status_05 | AQ2: XMTL No._05 | AR2: Remarks_05 | AS2: Recd Date_06 | AT2: Comment date_06 | AU2: Status_06 | AV2: XMTL No._06 | AW2: Remarks_06 | AX2: Recd Date_07 | AY2: Comment date_07 | AZ2: Status_07 | BA2: XMTL No._07 | BB2: Remarks_07 | BC2: Recd Date_08 | BD2: Comment date_08 | BE2: Status_08 | BF2: XMTL No._08 | BG2: Remarks_08 | BH2: Recd Date_09 | BI2: Comment date_09 | BJ2: Status_09 | BK2: XMTL No._09 | BL2: Remarks_09 | BM2: Remarks_10
A3: 1 | B3: =$A$1 -> PSS10B_Adani Renewable Energy 35 Limited (ARE35L) | C3: Coupling Transformer | D3: Vendor | E3: Ornet | F3: 51N2-ORNT-CTF-GEN-DE-G-0001 | G3: 51H2-E-SEP-IDT-DE-G-V-0001 | H3: GA Drawings with List of Fittings for IDT | I3: Approval | J3: Drawing | N3: {=_xlfn.IFNA(LOOKUP(2, 1/(MOD(COLUMN(O3:XFD3)-COLUMN(O3), 5)=2)/(O3:XFD3<>""), O3:XFD3),"Not Submitted")} -> Cat. -I | O3: NR | T3: 46049 | U3: 46055 | V3: Cat. -I | W3: 51N2-BESS-SITE-T-0021 | BM3: =MID(F3,20,1) -> E
A4: 2 | B4: =$A$1 -> PSS10B_Adani Renewable Energy 35 Limited (ARE35L) | C4: Coupling Transformer | D4: Vendor | E4: Ornet | F4: 51N2-ORNT-CTF-GEN-DE-G-0002 | G4: 51H2-E-SEP-IDT-DE-G-V-0002 | H4: GA OF MARSHALLING BOX & WIRING DIAGRAM and SCHEMATIC DIAGRAM OF COOLING SYSTEM | I4: Approval | J4: Drawing | N4: {=_xlfn.IFNA(LOOKUP(2, 1/(MOD(COLUMN(O4:XFD4)-COLUMN(O4), 5)=2)/(O4:XFD4<>""), O4:XFD4),"Not Submitted")} -> Cat. -I | O4: NR | T4: 46049 | U4: 46055 | V4: Cat. -I | W4: 51N2-BESS-SITE-T-0021 | BM4: =MID(F4,20,1) -> E
A5: 3 | B5: =$A$1 -> PSS10B_Adani Renewable Energy 35 Limited (ARE35L) | C5: Coupling Transformer | D5: Vendor | E5: Ornet | F5: 51N2-ORNT-CTF-GEN-DE-G-0003 | G5: 51H2-E-SEP-IDT-DE-G-V-0003 | H5: EMR NIFPS (Nitrogen Injection & Fire Protection System) Drawings | I5: Approval | J5: Drawing | N5: {=_xlfn.IFNA(LOOKUP(2, 1/(MOD(COLUMN(O5:XFD5)-COLUMN(O5), 5)=2)/(O5:XFD5<>""), O5:XFD5),"Not Submitted")} -> Cat. -I | O5: NR | T5: NR | U5: 46079 | V5: Cat. -I | W5: XXXX-BESS-SITE-T-0001 | BM5: =MID(F5,20,1) -> E
A6: 4 | B6: =$A$1 -> PSS10B_Adani Renewable Energy 35 Limited (ARE35L) | C6: Coupling Transformer | D6: Vendor | E6: Ornet | F6: 51N2-ORNT-CTF-GEN-DE-G-0004 | G6: 51H2-E-SEP-IDT-DE-G-V-0004 | H6: ONLINE DRYING SYSTEM DRAWING WITH GUARANRTEED TECHNICAL PARTICULARS | I6: Approval | J6: Drawing | N6: {=_xlfn.IFNA(LOOKUP(2, 1/(MOD(COLUMN(O6:XFD6)-COLUMN(O6), 5)=2)/(O6:XFD6<>""), O6:XFD6),"Not Submitted")} -> Not Submitted | BM6: =MID(F6,20,1) -> E
A7: 5 | B7: =$A$1 -> PSS10B_Adani Renewable Energy 35 Limited (ARE35L) | C7: Coupling Transformer | D7: Vendor | E7: Ornet | F7: 51N2-ORNT-CTF-GEN-DE-G-0005 | G7: 51H2-E-SEP-IDT-DE-G-V-0005 | H7: CTR NIFPS (Nitrogen Injection & Fire Protection System) Drawings | I7: Approval | J7: Drawing | N7: {=_xlfn.IFNA(LOOKUP(2, 1/(MOD(COLUMN(O7:XFD7)-COLUMN(O7), 5)=2)/(O7:XFD7<>""), O7:XFD7),"Not Submitted")} -> Delete | Q7: Delete | BM7: =MID(F7,20,1) -> E
A8: 6 | B8: =$A$1 -> PSS10B_Adani Renewable Energy 35 Limited (ARE35L) | C8: Coupling Transformer | D8: Vendor | E8: Ornet | F8: 51N2-ORNT-CTF-GEN-DE-D-0001 | G8: 51H2-E-SEP-IDT-DE-D-V-0001 | H8: GTP of IDT | I8: Approval | J8: Document | N8: {=_xlfn.IFNA(LOOKUP(2, 1/(MOD(COLUMN(O8:XFD8)-COLUMN(O8), 5)=2)/(O8:XFD8<>""), O8:XFD8),"Not Submitted")} -> Cat. -I | O8: NR | T8: 46049 | U8: 46055 | V8: Cat. -I | W8: 51N2-BESS-SITE-T-0021 | BM8: =MID(F8,20,1) -> E
A9: 7 | B9: =$A$1 -> PSS10B_Adani Renewable Energy 35 Limited (ARE35L) | C9: Coupling Transformer | D9: Vendor | E9: Ornet | F9: 51N2-ORNT-CTF-GEN-DE-M-0001 | G9: 51H2-E-SEP-IDT-DE-M-V-0001 | H9: O&M Manual of IDT | I9: Approval | J9: Document | N9: {=_xlfn.IFNA(LOOKUP(2, 1/(MOD(COLUMN(O9:XFD9)-COLUMN(O9), 5)=2)/(O9:XFD9<>""), O9:XFD9),"Not Submitted")} -> Cat. -IV | O9: NR | P9: 46079 | Q9: Cat. -IV | R9: XXXX-BESS-SITE-T-0001 | BM9: =MID(F9,20,1) -> E
A10: 8 | B10: =$A$1 -> PSS10B_Adani Renewable Energy 35 Limited (ARE35L) | C10: Coupling Transformer | D10: Vendor | E10: Tesla | F10: 51N2-TESL-CTF-GEN-DE-G-0001 | G10: 51H2-E-SEP-IDT-DE-G-V-0001 | H10: GA Drawings with List of Fittings for IDT | I10: Approval | J10: Drawing | N10: {=_xlfn.IFNA(LOOKUP(2, 1/(MOD(COLUMN(O10:XFD10)-COLUMN(O10), 5)=2)/(O10:XFD10<>""), O10:XFD10),"Not Submitted")} -> Cat. -I | O10: NR | P10: 46042 | Q10: Cat. -I | R10: 51N2-BESS-SITE-T-0011 | S10: rev.02 | BM10: =MID(F10,20,1) -> E
A11: 9 | B11: =$A$1 -> PSS10B_Adani Renewable Energy 35 Limited (ARE35L) | C11: Coupling Transformer | D11: Vendor | E11: Tesla | F11: 51N2-TESL-CTF-GEN-DE-G-0002 | G11: 51H2-E-SEP-IDT-DE-G-V-0002 | H11: GA OF MARSHALLING BOX & WIRING DIAGRAM and SCHEMATIC DIAGRAM OF COOLING SYSTEM | I11: Approval | J11: Drawing | N11: {=_xlfn.IFNA(LOOKUP(2, 1/(MOD(COLUMN(O11:XFD11)-COLUMN(O11), 5)=2)/(O11:XFD11<>""), O11:XFD11),"Not Submitted")} -> Cat. -I | O11: NR | P11: 46042 | Q11: Cat. -I | R11: 51N2-BESS-SITE-T-0011 | S11: reV.01 | BM11: =MID(F11,20,1) -> E
A12: 10 | B12: =$A$1 -> PSS10B_Adani Renewable Energy 35 Limited (ARE35L) | C12: Coupling Transformer | D12: Vendor | E12: Tesla | F12: 51N2-TESL-CTF-GEN-DE-G-0003 | G12: 51H2-E-SEP-IDT-DE-G-V-0003 | H12: EMR NIFPS (Nitrogen Injection & Fire Protection System) Drawings | I12: Approval | J12: Drawing | N12: {=_xlfn.IFNA(LOOKUP(2, 1/(MOD(COLUMN(O12:XFD12)-COLUMN(O12), 5)=2)/(O12:XFD12<>""), O12:XFD12),"Not Submitted")} -> Not Submitted | BM12: =MID(F12,20,1) -> E
A13: 11 | B13: =$A$1 -> PSS10B_Adani Renewable Energy 35 Limited (ARE35L) | C13: Coupling Transformer | D13: Vendor | E13: Tesla | F13: 51N2-TESL-CTF-GEN-DE-G-0004 | G13: 51H2-E-SEP-IDT-DE-G-V-0004 | H13: ONLINE DRYING SYSTEM DRAWING WITH GUARANRTEED TECHNICAL PARTICULARS | I13: Approval | J13: Drawing | N13: {=_xlfn.IFNA(LOOKUP(2, 1/(MOD(COLUMN(O13:XFD13)-COLUMN(O13), 5)=2)/(O13:XFD13<>""), O13:XFD13),"Not Submitted")} -> Not Submitted | BM13: =MID(F13,20,1) -> E
A14: 12 | B14: =$A$1 -> PSS10B_Adani Renewable Energy 35 Limited (ARE35L) | C14: Coupling Transformer | D14: Vendor | E14: Tesla | F14: 51N2-TESL-CTF-GEN-DE-G-0005 | G14: 51H2-E-SEP-IDT-DE-G-V-0005 | H14: CTR NIFPS (Nitrogen Injection & Fire Protection System) Drawings | I14: Approval | J14: Drawing | N14: {=_xlfn.IFNA(LOOKUP(2, 1/(MOD(COLUMN(O14:XFD14)-COLUMN(O14), 5)=2)/(O14:XFD14<>""), O14:XFD14),"Not Submitted")} -> Not Submitted | BM14: =MID(F14,20,1) -> E
A15: 13 | B15: =$A$1 -> PSS10B_Adani Renewable Energy 35 Limited (ARE35L) | C15: Coupling Transformer | D15: Vendor | E15: Tesla | F15: 51N2-TESL-CTF-GEN-DE-D-0001 | G15: 51H2-E-SEP-IDT-DE-D-V-0001 | H15: GTP of IDT | I15: Approval | J15: Document | N15: {=_xlfn.IFNA(LOOKUP(2, 1/(MOD(COLUMN(O15:XFD15)-COLUMN(O15), 5)=2)/(O15:XFD15<>""), O15:XFD15),"Not Submitted")} -> Cat. -I | O15: NR | P15: 46042 | Q15: Cat. -I | R15: 51N2-BESS-SITE-T-0011 | BM15: =MID(F15,20,1) -> E
A16: 14 | B16: =$A$1 -> PSS10B_Adani Renewable Energy 35 Limited (ARE35L) | C16: Coupling Transformer | D16: Vendor | E16: Tesla | F16: 51N2-TESL-CTF-GEN-DE-M-0001 | G16: 51H2-E-SEP-IDT-DE-M-V-0001 | H16: O&M Manual of IDT | I16: Approval | J16: Document | N16: {=_xlfn.IFNA(LOOKUP(2, 1/(MOD(COLUMN(O16:XFD16)-COLUMN(O16), 5)=2)/(O16:XFD16<>""), O16:XFD16),"Not Submitted")} -> Not Submitted | BM16: =MID(F16,20,1) -> E
A17: 15 | B17: =$A$1 -> PSS10B_Adani Renewable Energy 35 Limited (ARE35L) | C17: Battery | D17: Vendor | E17: Jinco | F17: 51N2-JNCO-BTR-BCL-DE-D-0001 | G17: 51H2-E-BTR-BCL-BE-R-V-0001 | H17: GTP (Technical Paramater detail) for cell | I17: Information | J17: Document | K17: 46052 | N17: {=_xlfn.IFNA(LOOKUP(2, 1/(MOD(COLUMN(O17:XFD17)-COLUMN(O17), 5)=2)/(O17:XFD17<>""), O17:XFD17),"Not Submitted")} -> Cat. -IV | Q17: Cat. -IV | S17: Document received by Mr. Samrej Vahora on 23.02.2026 | BM17: =MID(F17,20,1) -> E
A18: 16 | B18: =$A$1 -> PSS10B_Adani Renewable Energy 35 Limited (ARE35L) | C18: Battery | D18: Vendor | E18: Jinco | F18: 51N2-JNCO-BTR-BCL-DE-G-0001 | G18: 51H2-E-BTR-BAR-DE-D-V-0001 | H18: General Arrangement (GA) drawing for cell | I18: Information | J18: Document | K18: 46052 | N18: {=_xlfn.IFNA(LOOKUP(2, 1/(MOD(COLUMN(O18:XFD18)-COLUMN(O18), 5)=2)/(O18:XFD18<>""), O18:XFD18),"Not Submitted")} -> Cat. -IV | Q18: Cat. -IV | S18: Document received by Mr. Samrej Vahora on 23.02.2026 | BM18: =MID(F18,20,1) -> E
A19: 17 | B19: =$A$1 -> PSS10B_Adani Renewable Energy 35 Limited (ARE35L) | C19: Battery | D19: Vendor | E19: Jinco | F19: 51N2-JNCO-BTR-BCL-DE-R-0001 | G19: 51H2-E-BTR-BAR-DE-G-V-0001 | H19: Battery cell certification and compliance report, including detailed model numbers and test results for cell | I19: Information | J19: Drawing | K19: 46052 | N19: {=_xlfn.IFNA(LOOKUP(2, 1/(MOD(COLUMN(O19:XFD19)-COLUMN(O19), 5)=2)/(O19:XFD19<>""), O19:XFD19),"Not Submitted")} -> Cat. -IV | Q19: Cat. -IV | S19: Document received by Mr. Samrej Vahora on 23.02.2026 | BM19: =MID(F19,20,1) -> E
A20: 18 | B20: =$A$1 -> PSS10B_Adani Renewable Energy 35 Limited (ARE35L) | C20: Battery | D20: Vendor | E20: Jinco | F20: 51N2-JNCO-BTR-BAR-DE-D-0001 | G20: 51H2-E-BTR-BAR-BE-R-V-0001 | H20: GTP (Technical Paramater detail) (Pack, HV box and rack ) for rack | I20: Approval | J20: Document | K20: 46052 | N20: {=_xlfn.IFNA(LOOKUP(2, 1/(MOD(COLUMN(O20:XFD20)-COLUMN(O20), 5)=2)/(O20:XFD20<>""), O20:XFD20),"Not Submitted")} -> Cat. -I | Q20: Cat. -I | S20: Document received by Mr. Samrej Vahora on 23.02.2026 | BM20: =MID(F20,20,1) -> E
A21: 19 | B21: =$A$1 -> PSS10B_Adani Renewable Energy 35 Limited (ARE35L) | C21: Battery | D21: Vendor | E21: Jinco | F21: 51N2-JNCO-BTR-BAR-DE-G-0001 | G21: 51H2-E-BTR-BCN-DE-D-V-0001 | H21: GA Drawing (PDF &CAD file ) showing component layout and dimensions for rack 1- Battery Pack 2- HV box with Rack Frame | I21: Approval | J21: Document | K21: 46052 | N21: {=_xlfn.IFNA(LOOKUP(2, 1/(MOD(COLUMN(O21:XFD21)-COLUMN(O21), 5)=2)/(O21:XFD21<>""), O21:XFD21),"Not Submitted")} -> Cat. -I | Q21: Cat. -I | S21: Document received by Mr. Samrej Vahora on 23.02.2026 | BM21: =MID(F21,20,1) -> E
A22: 20 | B22: =$A$1 -> PSS10B_Adani Renewable Energy 35 Limited (ARE35L) | C22: Battery | D22: Vendor | E22: Jinco | F22: 51N2-JNCO-BTR-BAR-DE-R-0001 | G22: 51H2-E-BTR-BCN-DE-G-V-0001 | H22: Certification and test report for battery rack, including model numbers and compliance data for rack | I22: Information | J22: Drawing | K22: 46052 | N22: {=_xlfn.IFNA(LOOKUP(2, 1/(MOD(COLUMN(O22:XFD22)-COLUMN(O22), 5)=2)/(O22:XFD22<>""), O22:XFD22),"Not Submitted")} -> Cat. -IV | Q22: Cat. -IV | S22: Document received by Mr. Samrej Vahora on 23.02.2026 | BM22: =MID(F22,20,1) -> E
A23: 21 | B23: =$A$1 -> PSS10B_Adani Renewable Energy 35 Limited (ARE35L) | C23: Battery | D23: Vendor | E23: Jinco | F23: 51N2-JNCO-BTR-BCN-DE-D-0001 | G23: 51H2-E-BTR-BCN-BE-R-V-0001 | H23: GTP (Technical Paramater detail) for Container | I23: Approval | J23: Document | K23: 46052 | N23: {=_xlfn.IFNA(LOOKUP(2, 1/(MOD(COLUMN(O23:XFD23)-COLUMN(O23), 5)=2)/(O23:XFD23<>""), O23:XFD23),"Not Submitted")} -> Cat. -I | Q23: Cat. -I | S23: Document received by Mr. Samrej Vahora on 23.02.2026 | BM23: =MID(F23,20,1) -> E
A24: 22 | B24: =$A$1 -> PSS10B_Adani Renewable Energy 35 Limited (ARE35L) | C24: Battery | D24: Vendor | E24: Jinco | F24: 51N2-JNCO-BTR-BCN-DE-G-0001 | G24: 51H2-E-BTR-FSS-DE-D-V-0001 | H24: General Arrangement (GA) drawing in PDF and CAD formats, including detailed footing dimensions for Container | I24: Approval | J24: Document | K24: 46052 | N24: {=_xlfn.IFNA(LOOKUP(2, 1/(MOD(COLUMN(O24:XFD24)-COLUMN(O24), 5)=2)/(O24:XFD24<>""), O24:XFD24),"Not Submitted")} -> Cat. -I | Q24: Cat. -I | S24: Document received by Mr. Samrej Vahora on 23.02.2026 | BM24: =MID(F24,20,1) -> E
A25: 23 | B25: =$A$1 -> PSS10B_Adani Renewable Energy 35 Limited (ARE35L) | C25: Battery | D25: Vendor | E25: Jinco | F25: 51N2-JNCO-BTR-BCN-DE-R-0001 | G25: 51H2-E-BTR-FSS-DE-G-V-0001 | H25: BESS container Certification and test report, including model numbers and compliance data for Container | I25: Information | J25: Drawing | K25: 46052 | N25: {=_xlfn.IFNA(LOOKUP(2, 1/(MOD(COLUMN(O25:XFD25)-COLUMN(O25), 5)=2)/(O25:XFD25<>""), O25:XFD25),"Not Submitted")} -> Cat. -IV | Q25: Cat. -IV | S25: Document received by Mr. Samrej Vahora on 23.02.2026 | BM25: =MID(F25,20,1) -> E
A26: 24 | B26: =$A$1 -> PSS10B_Adani Renewable Energy 35 Limited (ARE35L) | C26: Battery | D26: Vendor | E26: Jinco | F26: 51N2-JNCO-BTR-FSS-DE-D-0001 | G26: 51H2-E-BTR-FSS-BE-R-V-0001 | H26: GTP (Technical Paramater detail) for FSS | I26: Approval | J26: Document | K26: 46052 | N26: {=_xlfn.IFNA(LOOKUP(2, 1/(MOD(COLUMN(O26:XFD26)-COLUMN(O26), 5)=2)/(O26:XFD26<>""), O26:XFD26),"Not Submitted")} -> Cat. -I | Q26: Cat. -I | S26: Document received by Mr. Krunalkumar Patel on 17.03.2026 | BM26: =MID(F26,20,1) -> E
A27: 25 | B27: =$A$1 -> PSS10B_Adani Renewable Energy 35 Limited (ARE35L) | C27: Battery | D27: Vendor | E27: Jinco | F27: 51N2-JNCO-BTR-FSS-DE-G-0001 | G27: 51H2-E-BTR-DCA-DE-D-V-0001 | H27: GA FOR FSS | I27: Approval | J27: Document | K27: 46052 | N27: {=_xlfn.IFNA(LOOKUP(2, 1/(MOD(COLUMN(O27:XFD27)-COLUMN(O27), 5)=2)/(O27:XFD27<>""), O27:XFD27),"Not Submitted")} -> Cat. -I | Q27: Cat. -I | S27: Document received by Mr. Krunalkumar Patel on 17.03.2026 | BM27: =MID(F27,20,1) -> E
A28: 26 | B28: =$A$1 -> PSS10B_Adani Renewable Energy 35 Limited (ARE35L) | C28: Battery | D28: Vendor | E28: Jinco | F28: 51N2-JNCO-BTR-FSS-DE-D-0002 | G28: 51H2-E-BTR-DCA-DE-G-V-0001 | H28: FSS component details as per given format for FSS | I28: Information | J28: Drawing | K28: 46052 | N28: {=_xlfn.IFNA(LOOKUP(2, 1/(MOD(COLUMN(O28:XFD28)-COLUMN(O28), 5)=2)/(O28:XFD28<>""), O28:XFD28),"Not Submitted")} -> Cat. -IV | Q28: Cat. -IV | S28: Document received by Mr. Krunalkumar Patel on 17.03.2026 | BM28: =MID(F28,20,1) -> E
... A47: 45 | B47: =$A$1 -> PSS10B_Adani Renewable Energy 35 Limited (ARE35L) | C47: Battery | D47: Vendor | E47: Jinco | F47: 51N2-JNCO-BTR-GEN-DE-O-0002 | G47: 51H2-E-BTR-GEN-DE-D-V-0002 | H47: Model for System Design and Aux Calculation based on Ambient. | I47: Approval | J47: Document | K47: 46052 | N47: {=_xlfn.IFNA(LOOKUP(2, 1/(MOD(COLUMN(O47:XFD47)-COLUMN(O47), 5)=2)/(O47:XFD47<>""), O47:XFD47),"Not Submitted")} -> Cat. -I | Q47: Cat. -I | S47: Document received by Mr. Samrej Vahora on 23.02.2026 | BM47: =MID(F47,20,1) -> E
A48: 46 | B48: =$A$1 -> PSS10B_Adani Renewable Energy 35 Limited (ARE35L) | C48: Battery | D48: Vendor | E48: Jinco | F48: 51N2-JNCO-BTR-GEN-DE-O-0004 | G48: 51H2-E-BTR-GEN-DE-D-V-0003 | H48: Degradation profile considering cycle per day, DoD, temperature, etc. | I48: Approval | K48: 46052 | N48: {=_xlfn.IFNA(LOOKUP(2, 1/(MOD(COLUMN(O48:XFD48)-COLUMN(O48), 5)=2)/(O48:XFD48<>""), O48:XFD48),"Not Submitted")} -> Cat. -I | Q48: Cat. -I | S48: Document received by Mr. Samrej Vahora on 23.02.2026 | BM48: =MID(F48,20,1) -> E
A49: 47 | B49: =$A$1 -> PSS10B_Adani Renewable Energy 35 Limited (ARE35L) | C49: Battery | D49: Vendor | E49: Jinco | F49: 51N2-JNCO-BTR-GEN-DE-D-0001 | G49: 51H2-E-BTR-GEN-DE-O-V-0005 | H49: BESS Container Communication Interface & Scheme, Port details | I49: Information | K49: 46052 | N49: {=_xlfn.IFNA(LOOKUP(2, 1/(MOD(COLUMN(O49:XFD49)-COLUMN(O49), 5)=2)/(O49:XFD49<>""), O49:XFD49),"Not Submitted")} -> Cat. -IV | Q49: Cat. -IV | S49: Document received by Mr. Samrej Vahora on 27.06.2026 | BM49: =MID(F49,20,1) -> E
A50: 48 | B50: =$A$1 -> PSS10B_Adani Renewable Energy 35 Limited (ARE35L) | C50: Battery | D50: Vendor | E50: Jinco | F50: 51N2-JNCO-BTR-GEN-DE-M-0001 | G50: 51H2-E-BTR-GEN-DE-O-V-0006 | H50: O&M Manual and Installation & Transportation Manual | I50: Information | K50: 46052 | N50: {=_xlfn.IFNA(LOOKUP(2, 1/(MOD(COLUMN(O50:XFD50)-COLUMN(O50), 5)=2)/(O50:XFD50<>""), O50:XFD50),"Not Submitted")} -> Cat. -IV | Q50: Cat. -IV | S50: Document received by Mr. Samrej Vahora on 26.02.2026 | BM50: =MID(F50,20,1) -> E
A51: 49 | B51: =$A$1 -> PSS10B_Adani Renewable Energy 35 Limited (ARE35L) | C51: Battery | D51: Vendor | E51: Jinco | F51: 51N2-JNCO-BTR-GEN-DE-B-0001 | G51: 51H2-E-BTR-GEN-DE-N-V-0001 | H51: BOQ and spare parts list (all component list pack level, HV box, rack level, container level,etc..) | I51: Approval | K51: 46052 | N51: {=_xlfn.IFNA(LOOKUP(2, 1/(MOD(COLUMN(O51:XFD51)-COLUMN(O51), 5)=2)/(O51:XFD51<>""), O51:XFD51),"Not Submitted")} -> Cat. -I | Q51: Cat. -I | S51: Document received by Mr. Samrej Vahora on 26.02.2026 | BM51: =MID(F51,20,1) -> E
A52: 50 | B52: =$A$1 -> PSS10B_Adani Renewable Energy 35 Limited (ARE35L) | C52: Battery | D52: Vendor | E52: Jinco | F52: 51N2-JNCO-BTR-GEN-DE-R-0001 | G52: 51H2-E-BTR-GEN-DE-D-V-0004 | H52: Certification Summary | I52: Information | K52: 46052 | N52: {=_xlfn.IFNA(LOOKUP(2, 1/(MOD(COLUMN(O52:XFD52)-COLUMN(O52), 5)=2)/(O52:XFD52<>""), O52:XFD52),"Not Submitted")} -> Cat. -IV | Q52: Cat. -IV | S52: Document received by Mr. Samrej Vahora on 23.02.2026 | BM52: =MID(F52,20,1) -> E
A53: 51 | B53: =$A$1 -> PSS10B_Adani Renewable Energy 35 Limited (ARE35L) | C53: Battery | D53: Vendor | E53: Jinco | F53: 51N2-JNCO-BTR-GEN-DE-D-0002 | G53: 51H2-E-BTR-BCL-DE-R-V-0101 | H53: Details of BMS ethernet port for interface with EMS. | I53: Information | J53: Document | K53: 46052 | N53: {=_xlfn.IFNA(LOOKUP(2, 1/(MOD(COLUMN(O53:XFD53)-COLUMN(O53), 5)=2)/(O53:XFD53<>""), O53:XFD53),"Not Submitted")} -> Cat. -IV | Q53: Cat. -IV | S53: Document received by Mr. Samrej Vahora on 27.06.2026 | BM53: =MID(F53,20,1) -> E
A54: 52 | B54: =$A$1 -> PSS10B_Adani Renewable Energy 35 Limited (ARE35L) | C54: Battery | D54: Vendor | E54: Jinco | F54: 51N2-JNCO-BTR-GEN-DE-O-0005 | G54: 51H2-E-BTR-BAR-DE-D-V-0101 | H54: Modbus mapping register with complete description for all parameters. | I54: Information | J54: Document | K54: 46052 | N54: {=_xlfn.IFNA(LOOKUP(2, 1/(MOD(COLUMN(O54:XFD54)-COLUMN(O54), 5)=2)/(O54:XFD54<>""), O54:XFD54),"Not Submitted")} -> Cat. -IV | Q54: Cat. -IV | S54: Document received by Mr. Samrej Vahora on 27.06.2026 | BM54: =MID(F54,20,1) -> E
A55: 53 | B55: =$A$1 -> PSS10B_Adani Renewable Energy 35 Limited (ARE35L) | C55: Battery | D55: Vendor | E55: Jinco | F55: 51N2-JNCO-BTR-GEN-DE-N-0001 | G55: 51H2-E-BTR-BAR-DE-G-V-0101 | H55: BMS control philoshophy (Fail secnerios, mode of operation, Setpoints, Moderate/ mild/Severe alarm actions ) | I55: Information | J55: Drawing | K55: 46052 | N55: {=_xlfn.IFNA(LOOKUP(2, 1/(MOD(COLUMN(O55:XFD55)-COLUMN(O55), 5)=2)/(O55:XFD55<>""), O55:XFD55),"Not Submitted")} -> Cat. -IV | Q55: Cat. -IV | S55: Document received by Mr. Samrej Vahora on 26.02.2026 | BM55: =MID(F55,20,1) -> E
A56: 54 | B56: =$A$1 -> PSS10B_Adani Renewable Energy 35 Limited (ARE35L) | C56: Battery | D56: Vendor | E56: Jinco | F56: 51N2-JNCO-BTR-GEN-DE-D-0003 | G56: 51H2-E-BTR-BAR-BE-R-V-0101 | H56: BMS make and technical datasheet | I56: Information | J56: Document | K56: 46052 | N56: {=_xlfn.IFNA(LOOKUP(2, 1/(MOD(COLUMN(O56:XFD56)-COLUMN(O56), 5)=2)/(O56:XFD56<>""), O56:XFD56),"Not Submitted")} -> Cat. -IV | Q56: Cat. -IV | S56: Document received by Mr. Samrej Vahora on 26.02.2026 | BM56: =MID(F56,20,1) -> E
A57: 55 | B57: =$A$1 -> PSS10B_Adani Renewable Energy 35 Limited (ARE35L) | C57: PCS | D57: Vendor | E57: Inovance | F57: 51N2-INOV-PCS-GEN-DE-N-0001 | G57: 51H2-E-PCS-GEN-DE-N-V-0001 | H57: System & Function Descriptions of PCS | I57: Information | J57: Drawing | N57: {=_xlfn.IFNA(LOOKUP(2, 1/(MOD(COLUMN(O57:XFD57)-COLUMN(O57), 5)=2)/(O57:XFD57<>""), O57:XFD57),"Not Submitted")} -> Cat. -IV | Q57: Cat. -IV | S57: Document received by Mr. Samrej Vahora on 23.02.2026 | BM57: =MID(F57,20,1) -> E
A58: 56 | B58: =$A$1 -> PSS10B_Adani Renewable Energy 35 Limited (ARE35L) | C58: PCS | D58: Vendor | E58: Inovance | F58: 51N2-INOV-PCS-GEN-DE-D-0001 | G58: 51H2-E-PCS-GEN-DE-N-V-0002 | H58: GTP of PCS | I58: Approval | J58: Drawing | N58: {=_xlfn.IFNA(LOOKUP(2, 1/(MOD(COLUMN(O58:XFD58)-COLUMN(O58), 5)=2)/(O58:XFD58<>""), O58:XFD58),"Not Submitted")} -> Cat. -I_Star | Q58: Cat. -I_Star | S58: Document received by Mr. Samrej Vahora on 23.02.2026 | BM58: =MID(F58,20,1) -> E
A59: 57 | B59: =$A$1 -> PSS10B_Adani Renewable Energy 35 Limited (ARE35L) | C59: PCS | D59: Vendor | E59: Inovance | F59: 51N2-INOV-PCS-GEN-DE-G-0001 | G59: 51H2-E-PCS-GEN-DE-N-V-0003 | H59: General Arrangements Drawing – PCS | I59: Approval | J59: Drawing | N59: {=_xlfn.IFNA(LOOKUP(2, 1/(MOD(COLUMN(O59:XFD59)-COLUMN(O59), 5)=2)/(O59:XFD59<>""), O59:XFD59),"Not Submitted")} -> Cat. -I | Q59: Cat. -I | S59: Document received by Mr. Krunalkumar Patel on 05.03.2026 | BM59: =MID(F59,20,1) -> E
A60: 58 | B60: =$A$1 -> PSS10B_Adani Renewable Energy 35 Limited (ARE35L) | C60: PCS | D60: Vendor | E60: Inovance | F60: 51N2-INOV-PCS-GEN-DE-O-0001 | G60: 51H2-E-PCS-GEN-DE-G-V-0001 | H60: PCS 3D Model | I60: Information | J60: Drawing | N60: {=_xlfn.IFNA(LOOKUP(2, 1/(MOD(COLUMN(O60:XFD60)-COLUMN(O60), 5)=2)/(O60:XFD60<>""), O60:XFD60),"Not Submitted")} -> Cat. -IV | Q60: Cat. -IV | S60: Document received by Mr. Krunalkumar Patel on 16.04.2026 | BM60: =MID(F60,20,1) -> E
A61: 59 | B61: =$A$1 -> PSS10B_Adani Renewable Energy 35 Limited (ARE35L) | C61: PCS | D61: Vendor | E61: Inovance | F61: 51N2-INOV-PCS-GEN-DE-R-0001 | G61: 51H2-E-PCS-PCS-DE-L-V-0001 | H61: PCS Desing Basis Report | I61: Approval | J61: Drawing | N61: {=_xlfn.IFNA(LOOKUP(2, 1/(MOD(COLUMN(O61:XFD61)-COLUMN(O61), 5)=2)/(O61:XFD61<>""), O61:XFD61),"Not Submitted")} -> Cat. -IV | Q61: Cat. -IV | S61: Document received by Mr. Krunalkumar Patel on 05.03.2026 | BM61: =MID(F61,20,1) -> E
A62: 60 | B62: =$A$1 -> PSS10B_Adani Renewable Energy 35 Limited (ARE35L) | C62: PCS | D62: Vendor | E62: Inovance | F62: 51N2-INOV-PCS-GEN-DE-O-0002 | G62: 51H2-E-PCS-PCS-DE-I-V-0001 51H2-E-PCS-PCS-DE-I-V-0002 | H62: System level thermal profile as per site condition | I62: Information | J62: Drawing | N62: {=_xlfn.IFNA(LOOKUP(2, 1/(MOD(COLUMN(O62:XFD62)-COLUMN(O62), 5)=2)/(O62:XFD62<>""), O62:XFD62),"Not Submitted")} -> Cat. -I_Star | Q62: Cat. -I_Star | S62: Document received by Mr. Samrej Vahora on 23.02.2026 | BM62: =MID(F62,20,1) -> E
A63: 61 | B63: =$A$1 -> PSS10B_Adani Renewable Energy 35 Limited (ARE35L) | C63: PCS | D63: Vendor | E63: Inovance | F63: 51N2-INOV-PCS-GEN-DE-E-0002 | G63: 51H2-E-PCS-PCS-BE-R-V-0001 | H63: PCS schematic wiring drawings | I63: Approval | J63: Document | N63: {=_xlfn.IFNA(LOOKUP(2, 1/(MOD(COLUMN(O63:XFD63)-COLUMN(O63), 5)=2)/(O63:XFD63<>""), O63:XFD63),"Not Submitted")} -> Cat. -I_Star | Q63: Cat. -I_Star | S63: Document received by Mr. Samrej Vahora on 23.02.2026 | BM63: =MID(F63,20,1) -> E
A64: 62 | B64: =$A$1 -> PSS10B_Adani Renewable Energy 35 Limited (ARE35L) | C64: PCS | D64: Vendor | E64: Inovance | F64: 51N2-INOV-PCS-GEN-DE-B-0001 | G64: 51H2-E-PCS-GEN-DE-B-V-0001 | H64: Bill of material | I64: Approval | J64: Document | N64: {=_xlfn.IFNA(LOOKUP(2, 1/(MOD(COLUMN(O64:XFD64)-COLUMN(O64), 5)=2)/(O64:XFD64<>""), O64:XFD64),"Not Submitted")} -> Cat. -I_Star | Q64: Cat. -I_Star | S64: Document received by Mr. Samrej Vahora on 23.02.2026 | BM64: =MID(F64,20,1) -> E
A65: 63 | B65: =$A$1 -> PSS10B_Adani Renewable Energy 35 Limited (ARE35L) | C65: PCS | D65: Vendor | E65: Inovance | F65: 51N2-INOV-PCS-GEN-DE-I-0001 | G65: 51H2-E-PCS-PCS-DE-O-V-0001 | H65: Interconnection Drawings | I65: Approval | J65: Drawing | N65: {=_xlfn.IFNA(LOOKUP(2, 1/(MOD(COLUMN(O65:XFD65)-COLUMN(O65), 5)=2)/(O65:XFD65<>""), O65:XFD65),"Not Submitted")} -> Cat. -II | Q65: Cat. -II | S65: Document received by Mr. Krunalkumar Patel on 05.03.2026 | BM65: =MID(F65,20,1) -> E
A66: 64 | B66: =$A$1 -> PSS10B_Adani Renewable Energy 35 Limited (ARE35L) | C66: PCS | D66: Vendor | E66: Inovance | F66: 51N2-INOV-PCS-GEN-DE-G-0003 | G66: 51H2-E-PCS-PCS-DE-J-V-0001 | H66: Construction and installation drawing | I66: Approval | J66: Drawing | N66: {=_xlfn.IFNA(LOOKUP(2, 1/(MOD(COLUMN(O66:XFD66)-COLUMN(O66), 5)=2)/(O66:XFD66<>""), O66:XFD66),"Not Submitted")} -> Cat. -II | Q66: Cat. -II | S66: Document received by Mr. Krunalkumar Patel on 09.03.2026 | BM66: =MID(F66,20,1) -> E
A67: 65 | B67: =$A$1 -> PSS10B_Adani Renewable Energy 35 Limited (ARE35L) | C67: PCS | D67: Vendor | E67: Inovance | F67: 51N2-INOV-PCS-GEN-DE-M-0001 | G67: 51H2-E-PCS-GEN-DE-G-V-0002 | H67: O & M manual | I67: Information | J67: Drawing | N67: {=_xlfn.IFNA(LOOKUP(2, 1/(MOD(COLUMN(O67:XFD67)-COLUMN(O67), 5)=2)/(O67:XFD67<>""), O67:XFD67),"Not Submitted")} -> Cat. -IV | Q67: Cat. -IV | S67: Document received by Mr. Samrej Vahora on 23.02.2026 | BM67: =MID(F67,20,1) -> E
A68: 66 | B68: =$A$1 -> PSS10B_Adani Renewable Energy 35 Limited (ARE35L) | C68: PCS | D68: Vendor | E68: Inovance | F68: 51N2-INOV-PCS-GEN-DE-B-0002 | G68: 51H2-E-PCS-GEN-DE-G-V-0003 | H68: Maintenance schedule and activity plan | I68: Approval | J68: Drawing | N68: {=_xlfn.IFNA(LOOKUP(2, 1/(MOD(COLUMN(O68:XFD68)-COLUMN(O68), 5)=2)/(O68:XFD68<>""), O68:XFD68),"Not Submitted")} -> Cat. -IV | Q68: Cat. -IV | S68: Document received by Mr. Samrej Vahora on 23.02.2026 | BM68: =MID(F68,20,1) -> E
... A86: 84 | B86: =$A$1 -> PSS10B_Adani Renewable Energy 35 Limited (ARE35L) | C86: PCS | D86: Vendor | E86: Inovance | F86: 51N2-INOV-PCS-GEN-DE-O-0005 | G86: 51H2-E-PCS-PCS-DE-B-V-0002 | H86: Detailed Lock-out Procedure and Equipment safety Procedure | I86: Information | J86: Document | N86: {=_xlfn.IFNA(LOOKUP(2, 1/(MOD(COLUMN(O86:XFD86)-COLUMN(O86), 5)=2)/(O86:XFD86<>""), O86:XFD86),"Not Submitted")} -> Cat. -IV | Q86: Cat. -IV | S86: Document received by Mr. Krunalkumar Patel on 05.03.2026 | BM86: =MID(F86,20,1) -> E
A87: 85 | B87: =$A$1 -> PSS10B_Adani Renewable Energy 35 Limited (ARE35L) | C87: PCS | D87: Vendor | E87: Inovance | F87: 51N2-INOV-PCS-GEN-DE-L-0001 | G87: 51H2-E-PCS-PCS-DE-I-V-0004 | H87: 2D drawing | J87: Drawing | N87: {=_xlfn.IFNA(LOOKUP(2, 1/(MOD(COLUMN(O87:XFD87)-COLUMN(O87), 5)=2)/(O87:XFD87<>""), O87:XFD87),"Not Submitted")} -> Under Review | Q87: Under Review | S87: Document received by Mr. Krunalkumar Patel on 05.03.2026 | BM87: =MID(F87,20,1) -> E
A88: 86 | B88: =$A$1 -> PSS10B_Adani Renewable Energy 35 Limited (ARE35L) | C88: PCS | D88: Vendor | E88: Inovance | F88: 51N2-INOV-PCS-GEN-DE-L-0002 | G88: 51H2-E-PCS-PCS-DE-O-V-0003 | H88: 3D Drawing | J88: Drawing | N88: {=_xlfn.IFNA(LOOKUP(2, 1/(MOD(COLUMN(O88:XFD88)-COLUMN(O88), 5)=2)/(O88:XFD88<>""), O88:XFD88),"Not Submitted")} -> Cat. -IV | Q88: Cat. -IV | S88: Document received by Mr. krunal on 03.03.2026 | BM88: =MID(F88,20,1) -> E
A89: 87 | B89: =$A$1 -> PSS10B_Adani Renewable Energy 35 Limited (ARE35L) | C89: PCS | D89: Vendor | E89: Inovance | F89: 51N2-INOV-PCS-GEN-DE-O-0006 | G89: 51H2-E-PCS-PCS-DE-M-V-0004 | H89: PSSE Model | J89: Document | N89: {=_xlfn.IFNA(LOOKUP(2, 1/(MOD(COLUMN(O89:XFD89)-COLUMN(O89), 5)=2)/(O89:XFD89<>""), O89:XFD89),"Not Submitted")} -> Cat. -IV | Q89: Cat. -IV | S89: Document received by Mr. krunal on 03.03.2026 | BM89: =MID(F89,20,1) -> E
A90: 88 | B90: =$A$1 -> PSS10B_Adani Renewable Energy 35 Limited (ARE35L) | C90: PCS | D90: Vendor | E90: Inovance | F90: 51N2-INOV-PCS-GEN-DE-O-0007 | G90: 51H2-E-PCS-PCS-DE-O-V-0004 | H90: PSCAD Model | J90: Drawing | N90: {=_xlfn.IFNA(LOOKUP(2, 1/(MOD(COLUMN(O90:XFD90)-COLUMN(O90), 5)=2)/(O90:XFD90<>""), O90:XFD90),"Not Submitted")} -> Cat. -IV | Q90: Cat. -IV | S90: Document received by Mr. krunal on 03.03.2026 | BM90: =MID(F90,20,1) -> E
A91: 89 | B91: =$A$1 -> PSS10B_Adani Renewable Energy 35 Limited (ARE35L) | C91: CSS | D91: Vendor | E91: Akshar | F91: 51N2-AKSR-CSS-GEN-DE-G-0001 | G91: 51H2-E-SGR-AUT-DE-O-V-0001 | H91: Detailed drawings for 2500KVA, 33 KV CSS (Auxilary Transformer) with Civil foundation | I91: Approval | J91: Drawing | N91: {=_xlfn.IFNA(LOOKUP(2, 1/(MOD(COLUMN(O91:XFD91)-COLUMN(O91), 5)=2)/(O91:XFD91<>""), O91:XFD91),"Not Submitted")} -> Cat. -II | O91: NR | T91: NR | U91: 46058 | V91: Cat. -II | BM91: =MID(F91,20,1) -> E
A92: 90 | B92: =$A$1 -> PSS10B_Adani Renewable Energy 35 Limited (ARE35L) | C92: HT Panel-Outdoor | D92: Vendor | E92: Trisqure | F92: 51N2-TSQR-OHP-HGR-DE-G-0001 | G92: 51H2-E-SGR-HGR-DE-G-V-0001 | H92: GA and Electrical drawing(SLD& Scheme) with BOM (With Foundation Drawing) | K92: 46142 | N92: {=_xlfn.IFNA(LOOKUP(2, 1/(MOD(COLUMN(O92:XFD92)-COLUMN(O92), 5)=2)/(O92:XFD92<>""), O92:XFD92),"Not Submitted")} -> Cat. -I | O92: NR | P92: 46142 | Q92: Cat. -I | S92: Rev.14 | T92: NR | U92: 46172 | V92: Cat. -I | X92: Rev.15 | Y92: NR | Z92: 46183 | AA92: Cat. -I | AC92: Rev.16 | AD92: NR | AE92: 111977 | AF92: Cat. -I | AH92: Rev.20 | BM92: =MID(F92,20,1) -> E
A93: 91 | B93: =$A$1 -> PSS10B_Adani Renewable Energy 35 Limited (ARE35L) | C93: ACDB | D93: Vendor | E93: Active Engineers | F93: 51N2-ACTE-ACD-GEN-DE-G-0001 | G93: 51H2-E-SGR-ACD-DE-G-V-0001 | H93: GA and Electrical drawing with BOM (With Foundation Drawing) | N93: {=_xlfn.IFNA(LOOKUP(2, 1/(MOD(COLUMN(O93:XFD93)-COLUMN(O93), 5)=2)/(O93:XFD93<>""), O93:XFD93),"Not Submitted")} -> Cat. -I | O93: NR | T93: NR | U93: 46044 | V93: Cat. -I | W93: 51I4-BESS-SITE-T-0003 | Y93: NR | AD93: NR | AE93: 46206 | AF93: Cat. -I | AI93: 46234 | AJ93: 46234 | AK93: Cat. -I | BM93: =MID(F93,20,1) -> E
A94: 92 | B94: =$A$1 -> PSS10B_Adani Renewable Energy 35 Limited (ARE35L) | C94: EMS | D94: Vendor | E94: Vendor | F94: 51N2-XXXX-EMS-GEN-DI-D-0001 | G94: 51H2-E-CNI-EMS-DE-D-V-0001 | H94: Control and communication data sheet | J94: Document | N94: {=_xlfn.IFNA(LOOKUP(2, 1/(MOD(COLUMN(O94:XFD94)-COLUMN(O94), 5)=2)/(O94:XFD94<>""), O94:XFD94),"Not Submitted")} -> Not Submitted | BM94: =MID(F94,20,1) -> I
A95: 93 | B95: =$A$1 -> PSS10B_Adani Renewable Energy 35 Limited (ARE35L) | C95: HT Cable | D95: Vendor | E95: Vendor | F95: 51N2-XXXX-HTC-GEN-DE-D-0001 | G95: 51H2-E-HLC-HTC-DE-D-V-0001 | H95: GTP FOR 3C X 400 SQMM HT CABLE. | N95: {=_xlfn.IFNA(LOOKUP(2, 1/(MOD(COLUMN(O95:XFD95)-COLUMN(O95), 5)=2)/(O95:XFD95<>""), O95:XFD95),"Not Submitted")} -> Not Submitted | BM95: =MID(F95,20,1) -> E
A96: 94 | B96: =$A$1 -> PSS10B_Adani Renewable Energy 35 Limited (ARE35L) | C96: HT Cable | D96: Vendor | E96: Vendor | F96: 51N2-XXXX-HTC-GEN-DE-D-0001 | G96: 51H2-E-HLC-HTC-DE-D-V-0002 | H96: GTP FOR 3C X 400 SQMM HT CABLE. | N96: {=_xlfn.IFNA(LOOKUP(2, 1/(MOD(COLUMN(O96:XFD96)-COLUMN(O96), 5)=2)/(O96:XFD96<>""), O96:XFD96),"Not Submitted")} -> Not Submitted | BM96: =MID(F96,20,1) -> E
A97: 95 | B97: =$A$1 -> PSS10B_Adani Renewable Energy 35 Limited (ARE35L) | C97: LT Cable | D97: Vendor | E97: Vendor | F97: 51N2-XXXX-LTC-GEN-DE-D-0001 | G97: 51H2-E-HLC-LTC-DE-D-V-0001 | H97: GTP FOR 1CX400 SQQM LT CABLE | N97: {=_xlfn.IFNA(LOOKUP(2, 1/(MOD(COLUMN(O97:XFD97)-COLUMN(O97), 5)=2)/(O97:XFD97<>""), O97:XFD97),"Not Submitted")} -> Not Submitted | BM97: =MID(F97,20,1) -> E
A98: 96 | B98: =$A$1 -> PSS10B_Adani Renewable Energy 35 Limited (ARE35L) | C98: LT Cable | D98: Vendor | E98: Vendor | F98: 51N2-XXXX-LTC-GEN-DE-D-0001 | G98: 51H2-E-HLC-LTC-DE-D-V-0002 | H98: GTP FOR 3.5Cx300 sq mm, 3.5Cx50 sq mm LT CABLE | N98: {=_xlfn.IFNA(LOOKUP(2, 1/(MOD(COLUMN(O98:XFD98)-COLUMN(O98), 5)=2)/(O98:XFD98<>""), O98:XFD98),"Not Submitted")} -> Not Submitted | BM98: =MID(F98,20,1) -> E
A99: 97 | B99: =$A$1 -> PSS10B_Adani Renewable Energy 35 Limited (ARE35L) | C99: Control Cable | D99: Vendor | E99: Vendor | F99: 51N2-XXXX-CIC-GEN-DE-D-0001 | G99: 51H2-E-HLC-CIC-DE-D-V-0001 | H99: GTP of LT 1.1 kV YWY CONTROL CABLE (3C X 2.5 SQ.MM., 5C X 2.5 SQ.MM., 7C X 2.5 SQ.MM., & 4C X 6 SQ.MM.) & A2XFY POWER CABLE (4CX25 SQ.MM.) | N99: {=_xlfn.IFNA(LOOKUP(2, 1/(MOD(COLUMN(O99:XFD99)-COLUMN(O99), 5)=2)/(O99:XFD99<>""), O99:XFD99),"Not Submitted")} -> Not Submitted | BM99: =MID(F99,20,1) -> E
A100: 98 | B100: =$A$1 -> PSS10B_Adani Renewable Energy 35 Limited (ARE35L) | C100: Opteical fiber cable | D100: Vendor | E100: Vendor | F100: 51N2-XXXX-OFC-GEN-DE-D-0001 | G100: 51H2-E-HLC-CIC-DE-D-V-0002 | H100: 12F G.652D MT DS ARMOURED Optical Fiber Cable | N100: {=_xlfn.IFNA(LOOKUP(2, 1/(MOD(COLUMN(O100:XFD100)-COLUMN(O100), 5)=2)/(O100:XFD100<>""), O100:XFD100),"Not Submitted")} -> Not Submitted | BM100: =MID(F100,20,1) -> E
A101: 99 | B101: =$A$1 -> PSS10B_Adani Renewable Energy 35 Limited (ARE35L) | C101: PEB Building | D101: Vendor | E101: Vendor | F101: 51N2-XXXX-PEB-LCR-DC-G-0001 | G101: 51H2-E-PEB-LCR-DC-G-V-0001 | H101: PEB details for Local Control Room | I101: Approval | J101: Drawing | N101: {=_xlfn.IFNA(LOOKUP(2, 1/(MOD(COLUMN(O101:XFD101)-COLUMN(O101), 5)=2)/(O101:XFD101<>""), O101:XFD101),"Not Submitted")} -> Delete | Q101: Delete | S101: As per the received mail from Mr. punith_18.06.2026 | BM101: =MID(F101,20,1) -> C
A102: 100 | B102: =$A$1 -> PSS10B_Adani Renewable Energy 35 Limited (ARE35L) | C102: PEB Building | D102: Vendor | E102: Vendor | F102: 51N2-XXXX-PEB-LCR-DC-G-0002 | G102: 51H2-E-PEB-LCR-DC-G-V-0002 | H102: Anchor Bolt for Local Control Room | I102: Approval | J102: Drawing | N102: {=_xlfn.IFNA(LOOKUP(2, 1/(MOD(COLUMN(O102:XFD102)-COLUMN(O102), 5)=2)/(O102:XFD102<>""), O102:XFD102),"Not Submitted")} -> Delete | Q102: Delete | S102: As per the received mail from Mr. punith_18.06.2026 | BM102: =MID(F102,20,1) -> C
A103: 101 | B103: =$A$1 -> PSS10B_Adani Renewable Energy 35 Limited (ARE35L) | C103: PEB Building | D103: Vendor | E103: Vendor | F103: 51N2-XXXX-PEB-HGR-DC-G-0001 | G103: 51H2-E-PEB-SGR-DC-G-V-0001 | H103: PEB details for Outdoor Switchgear Room | I103: Approval | J103: Drawing | N103: {=_xlfn.IFNA(LOOKUP(2, 1/(MOD(COLUMN(O103:XFD103)-COLUMN(O103), 5)=2)/(O103:XFD103<>""), O103:XFD103),"Not Submitted")} -> Delete | Q103: Delete | S103: As per the received mail from Mr. punith_18.06.2026 | BM103: =MID(F103,20,1) -> C
A104: 102 | B104: =$A$1 -> PSS10B_Adani Renewable Energy 35 Limited (ARE35L) | C104: PEB Building | D104: Vendor | E104: Vendor | F104: 51N2-XXXX-PEB-HGR-DC-G-0002 | G104: 51H2-E-PEB-SGR-DC-G-V-0002 | H104: Anchor Bolt for Outdoor Switchgear Room | I104: Approval | J104: Drawing | N104: {=_xlfn.IFNA(LOOKUP(2, 1/(MOD(COLUMN(O104:XFD104)-COLUMN(O104), 5)=2)/(O104:XFD104<>""), O104:XFD104),"Not Submitted")} -> Delete | Q104: Delete | S104: As per the received mail from Mr. punith_18.06.2026 | BM104: =MID(F104,20,1) -> C
A105: 103 | B105: =$A$1 -> PSS10B_Adani Renewable Energy 35 Limited (ARE35L) | C105: EMS | D105: Vendor | E105: Adaptive | F105: 51N2-ADAP-EMS-GEN-DE-Q-0001 | G105: 51H2-E-EMS-EMS-DE-Q-V-0001 | H105: EMS SCADA System Architecture Drawing | I105: Approval | J105: Drawing | K105: 13-01-2026* | N105: {=_xlfn.IFNA(LOOKUP(2, 1/(MOD(COLUMN(O105:XFD105)-COLUMN(O105), 5)=2)/(O105:XFD105<>""), O105:XFD105),"Not Submitted")} -> Not Submitted | BM105: =MID(F105,20,1) -> E
A106: 104 | B106: =$A$1 -> PSS10B_Adani Renewable Energy 35 Limited (ARE35L) | C106: EMS | D106: Vendor | E106: Adaptive | F106: 51N2-ADAP-EMS-GEN-DE-I-0001 | G106: 51H2-E-EMS-EMS-DE-I-V-0001 | H106: EMS Panel Drawing for Central Control Room, Network Panel, Site Level RTU RIO Panel, PCS Plateform RIO Panel, Panel for Ethernet Switches & LIUs | I106: Approval | J106: Drawing | K106: 13-01-2026* | N106: {=_xlfn.IFNA(LOOKUP(2, 1/(MOD(COLUMN(O106:XFD106)-COLUMN(O106), 5)=2)/(O106:XFD106<>""), O106:XFD106),"Not Submitted")} -> Not Submitted | BM106: =MID(F106,20,1) -> E
A107: 105 | B107: =$A$1 -> PSS10B_Adani Renewable Energy 35 Limited (ARE35L) | C107: EMS | D107: Vendor | E107: Adaptive | F107: 51N2-ADAP-EMS-GEN-DE-D-0001 | G107: 51H2-E-EMS-EMS-DE-D-V-0001 | H107: EMS System Datasheet - Schneider Components | I107: Approval | J107: Document | K107: 13-01-2026* | N107: {=_xlfn.IFNA(LOOKUP(2, 1/(MOD(COLUMN(O107:XFD107)-COLUMN(O107), 5)=2)/(O107:XFD107<>""), O107:XFD107),"Not Submitted")} -> Not Submitted | BM107: =MID(F107,20,1) -> E
A108: 106 | B108: =$A$1 -> PSS10B_Adani Renewable Energy 35 Limited (ARE35L) | C108: EMS | D108: Vendor | E108: Adaptive | F108: 51N2-ADAP-EMS-GEN-DE-D-0002 | G108: 51H2-E-EMS-EMS-DE-D-V-0002 | H108: EMS System Datasheet - IT Hardware Components | I108: Approval | J108: Document | K108: 13-01-2026* | N108: {=_xlfn.IFNA(LOOKUP(2, 1/(MOD(COLUMN(O108:XFD108)-COLUMN(O108), 5)=2)/(O108:XFD108<>""), O108:XFD108),"Not Submitted")} -> Not Submitted | BM108: =MID(F108,20,1) -> E
A109: 107 | B109: =$A$1 -> PSS10B_Adani Renewable Energy 35 Limited (ARE35L) | C109: EMS | D109: Vendor | E109: Adaptive | F109: 51N2-ADAP-EMS-GEN-DE-D-0003 | G109: 51H2-E-EMS-EMS-DE-O-V-0001 | H109: EMS System Datasheet - Enclosures Accessories Components | I109: Approval | J109: Drawing | K109: 13-01-2026* | N109: {=_xlfn.IFNA(LOOKUP(2, 1/(MOD(COLUMN(O109:XFD109)-COLUMN(O109), 5)=2)/(O109:XFD109<>""), O109:XFD109),"Not Submitted")} -> Not Submitted | BM109: =MID(F109,20,1) -> E
A110: 108 | B110: =$A$1 -> PSS10B_Adani Renewable Energy 35 Limited (ARE35L) | C110: EMS | D110: Vendor | E110: Adaptive | F110: 51N2-ADAP-EMS-GEN-DE-B-0001 | G110: 51H2-E-EMS-EMS-DE-O-V-0002 | H110: Project BOM (Bill of Materials) - Includes Hardware and Software | I110: Approval | J110: Drawing | K110: 13-01-2026* | N110: {=_xlfn.IFNA(LOOKUP(2, 1/(MOD(COLUMN(O110:XFD110)-COLUMN(O110), 5)=2)/(O110:XFD110<>""), O110:XFD110),"Not Submitted")} -> Not Submitted | BM110: =MID(F110,20,1) -> E
A111: 109 | B111: =$A$1 -> PSS10B_Adani Renewable Energy 35 Limited (ARE35L) | C111: EMS | D111: Vendor | E111: Adaptive | F111: 51N2-ADAP-EMS-GEN-DE-O-0001 | G111: 51H2-E-EMS-EMS-DE-I-V-0002 | H111: Factory Acceptance Test (FAT) Procedure | I111: Approval | J111: Drawing | K111: 46032 | N111: {=_xlfn.IFNA(LOOKUP(2, 1/(MOD(COLUMN(O111:XFD111)-COLUMN(O111), 5)=2)/(O111:XFD111<>""), O111:XFD111),"Not Submitted")} -> Not Submitted | BM111: =MID(F111,20,1) -> E
A112: 110 | B112: =$A$1 -> PSS10B_Adani Renewable Energy 35 Limited (ARE35L) | C112: EMS | D112: Vendor | E112: Adaptive | F112: 51N2-ADAP-EMS-GEN-DE-O-0002 | G112: 51H2-E-EMS-EMS-DE-E-V-0001 | H112: Site Acceptance Test (SAT) Procedure | I112: Approval | J112: Drawing | K112: 46045 | N112: {=_xlfn.IFNA(LOOKUP(2, 1/(MOD(COLUMN(O112:XFD112)-COLUMN(O112), 5)=2)/(O112:XFD112<>""), O112:XFD112),"Not Submitted")} -> Not Submitted | BM112: =MID(F112,20,1) -> E
A113: 111 | B113: =$A$1 -> PSS10B_Adani Renewable Energy 35 Limited (ARE35L) | C113: EMS | D113: Vendor | E113: Adaptive | F113: 51N2-ADAP-EMS-GEN-DE-I-0002 | G113: 51H2-E-EMS-EMS-DE-D-V-0003 | H113: Logic Diagram for EMS | I113: Approval | J113: Document | K113: 02 week from inputs received from M/s AGEL | N113: {=_xlfn.IFNA(LOOKUP(2, 1/(MOD(COLUMN(O113:XFD113)-COLUMN(O113), 5)=2)/(O113:XFD113<>""), O113:XFD113),"Not Submitted")} -> Not Submitted | BM113: =MID(F113,20,1) -> E
A114: 112 | B114: =$A$1 -> PSS10B_Adani Renewable Energy 35 Limited (ARE35L) | C114: EMS | D114: Vendor | E114: Adaptive | F114: 51N2-ADAP-EMS-GEN-DE-E-0001 | G114: 51H2-E-EMS-EMS-DE-O-V-0003 | H114: Panel Grounding Scheme | I114: Approval | J114: Drawing | K114: 13-01-2026* | N114: {=_xlfn.IFNA(LOOKUP(2, 1/(MOD(COLUMN(O114:XFD114)-COLUMN(O114), 5)=2)/(O114:XFD114<>""), O114:XFD114),"Not Submitted")} -> Not Submitted | BM114: =MID(F114,20,1) -> E
A115: 113 | B115: =$A$1 -> PSS10B_Adani Renewable Energy 35 Limited (ARE35L) | C115: EMS | D115: Vendor | E115: Adaptive | F115: 51N2-ADAP-EMS-GEN-DE-O-0003 | G115: 51H2-E-EMS-EMS-DE-E-V-0002 | H115: Document Dosier | I115: Information | J115: Drawing | K115: After Site Commissioning | N115: {=_xlfn.IFNA(LOOKUP(2, 1/(MOD(COLUMN(O115:XFD115)-COLUMN(O115), 5)=2)/(O115:XFD115<>""), O115:XFD115),"Not Submitted")} -> Not Submitted | BM115: =MID(F115,20,1) -> E
A116: 114 | B116: =$A$1 -> PSS10B_Adani Renewable Energy 35 Limited (ARE35L) | C116: EMS | D116: Vendor | E116: Adaptive | F116: 51N2-ADAP-EMS-GEN-DE-I-0003 | G116: 51H2-E-EMS-EMS-DE-O-V-0004 | H116: EMS Screens & Report Format | I116: Approval | J116: Drawing | K116: 04 week from inputs received from M/s AGEL | N116: {=_xlfn.IFNA(LOOKUP(2, 1/(MOD(COLUMN(O116:XFD116)-COLUMN(O116), 5)=2)/(O116:XFD116<>""), O116:XFD116),"Not Submitted")} -> Not Submitted | BM116: =MID(F116,20,1) -> E
A117: 115 | B117: =$A$1 -> PSS10B_Adani Renewable Energy 35 Limited (ARE35L) | C117: EMS | D117: Vendor | E117: Adaptive | F117: 51N2-ADAP-EMS-GEN-DE-S-0001 | G117: 51H2-E-EMS-EMS-DE-I-V-0003 | H117: Functional Design Specification (FDS) | I117: Approval | J117: Drawing | K117: 02 week from inputs received from M/s AGEL | N117: {=_xlfn.IFNA(LOOKUP(2, 1/(MOD(COLUMN(O117:XFD117)-COLUMN(O117), 5)=2)/(O117:XFD117<>""), O117:XFD117),"Not Submitted")} -> Not Submitted | BM117: =MID(F117,20,1) -> E
A118: 116 | B118: =$A$1 -> PSS10B_Adani Renewable Energy 35 Limited (ARE35L) | C118: EMS | D118: Vendor | E118: Adaptive | F118: 51N2-ADAP-EMS-GEN-DE-D-0004 | G118: 51H2-E-EMS-EMS-DE-I-V-0004 | H118: IP List | I118: Approval | J118: Drawing | K118: 01 week from approval of System Architecture | N118: {=_xlfn.IFNA(LOOKUP(2, 1/(MOD(COLUMN(O118:XFD118)-COLUMN(O118), 5)=2)/(O118:XFD118<>""), O118:XFD118),"Not Submitted")} -> Not Submitted | BM118: =MID(F118,20,1) -> E
A119: 117 | B119: =$A$1 -> PSS10B_Adani Renewable Energy 35 Limited (ARE35L) | C119: EMS | D119: Vendor | E119: Adaptive | F119: 51N2-ADAP-EMS-GEN-DE-M-0001 | G119: 51H2-E-EMS-EMS-DE-S-V-0001 | H119: EMS O&M Manual | I119: Information | J119: Drawing | K119: After Site Commissioning | N119: {=_xlfn.IFNA(LOOKUP(2, 1/(MOD(COLUMN(O119:XFD119)-COLUMN(O119), 5)=2)/(O119:XFD119<>""), O119:XFD119),"Not Submitted")} -> Not Submitted | BM119: =MID(F119,20,1) -> E
A120: 118 | B120: =$A$1 -> PSS10B_Adani Renewable Energy 35 Limited (ARE35L) | C120: EMS | D120: Vendor | E120: Adaptive | F120: 51N2-ADAP-EMS-GEN-DE-O-0004 | G120: 51H2-E-EMS-EMS-DE-D-V-0004 | H120: Detailed Erection, Pre-Commissioning and Commissioning Procedure | I120: Information | J120: Document | K120: 07 Days After Successful FAT | N120: {=_xlfn.IFNA(LOOKUP(2, 1/(MOD(COLUMN(O120:XFD120)-COLUMN(O120), 5)=2)/(O120:XFD120<>""), O120:XFD120),"Not Submitted")} -> Not Submitted | BM120: =MID(F120,20,1) -> E
A121: 119 | B121: =$A$1 -> PSS10B_Adani Renewable Energy 35 Limited (ARE35L) | C121: EMS | D121: Vendor | E121: Adaptive | F121: 51N2-ADAP-EMS-GEN-DE-C-0001 | G121: 51H2-E-EMS-EMS-DE-M-V-0001 | H121: Heat Dissipation & Load Calculation | I121: Approval | J121: Document | K121: 03 Days After Panel Drawing Approval | N121: {=_xlfn.IFNA(LOOKUP(2, 1/(MOD(COLUMN(O121:XFD121)-COLUMN(O121), 5)=2)/(O121:XFD121<>""), O121:XFD121),"Not Submitted")} -> Not Submitted | BM121: =MID(F121,20,1) -> E
A122: 120 | B122: =$A$1 -> PSS10B_Adani Renewable Energy 35 Limited (ARE35L) | C122: EMS | D122: Vendor | E122: Adaptive | F122: 51N2-ADAP-EMS-GEN-DE-S-0002 | G122: 51H2-E-EMS-EMS-DE-O-V-0005 | H122: Cyber Security Specification / Checklist | I122: Approval | J122: Drawing | K122: 46029 | N122: {=_xlfn.IFNA(LOOKUP(2, 1/(MOD(COLUMN(O122:XFD122)-COLUMN(O122), 5)=2)/(O122:XFD122<>""), O122:XFD122),"Not Submitted")} -> Not Submitted | BM122: =MID(F122,20,1) -> E
A123: 121 | B123: =$A$1 -> PSS10B_Adani Renewable Energy 35 Limited (ARE35L) | C123: EMS | D123: Vendor | E123: Adaptive | F123: 51N2-ADAP-EMS-GEN-DE-N-0001 | G123: 51H2-E-EMS-EMS-DE-C-V-0001 | H123: Complete Documentation of Implemented Protocols Between Various Elements | I123: Information | J123: Document | K123: 46039 | N123: {=_xlfn.IFNA(LOOKUP(2, 1/(MOD(COLUMN(O123:XFD123)-COLUMN(O123), 5)=2)/(O123:XFD123<>""), O123:XFD123),"Not Submitted")} -> Not Submitted | BM123: =MID(F123,20,1) -> E
A124: 122 | B124: =$A$1 -> PSS10B_Adani Renewable Energy 35 Limited (ARE35L) | C124: Harmonic Filter | D124: Vendor | E124: Clarient | F124: 51N2-CPSL-HFL-GEN-DE-L-0001 | H124: Drawing and GTP for Series Reactors | I124: Information | K124: At the time of HOTO | N124: {=_xlfn.IFNA(LOOKUP(2, 1/(MOD(COLUMN(O124:XFD124)-COLUMN(O124), 5)=2)/(O124:XFD124<>""), O124:XFD124),"Not Submitted")} -> Cat. -I | O124: NR | P124: 46105 | Q124: Cat. -I | R124: XXXX-BESS-SITE-T-0001 | BM124: =MID(F124,20,1) -> E
A125: 123 | B125: =$A$1 -> PSS10B_Adani Renewable Energy 35 Limited (ARE35L) | C125: Harmonic Filter | D125: Vendor | E125: Clarient | F125: 51N2-CPSL-HFL-GEN-DE-L-0002 | H125: Drawing and GTP for Off Load Isolator | I125: Approval | J125: Document | K125: 21.03.2026 | N125: {=_xlfn.IFNA(LOOKUP(2, 1/(MOD(COLUMN(O125:XFD125)-COLUMN(O125), 5)=2)/(O125:XFD125<>""), O125:XFD125),"Not Submitted")} -> Cat. -I | O125: NR | P125: 21-03-2026 15-06-2026 | Q125: Cat. -I | R125: XXXX-BESS-SITE-T-0001 | BM125: =MID(F125,20,1) -> E
A126: 124 | B126: =$A$1 -> PSS10B_Adani Renewable Energy 35 Limited (ARE35L) | C126: Harmonic Filter | D126: Vendor | E126: Clarient | F126: 51N2-CPSL-HFL-GEN-DE-L-0003 | H126: Drawing and GTP for NCT | I126: Approval | J126: Document | K126: 21.03.2026 | N126: {=_xlfn.IFNA(LOOKUP(2, 1/(MOD(COLUMN(O126:XFD126)-COLUMN(O126), 5)=2)/(O126:XFD126<>""), O126:XFD126),"Not Submitted")} -> Cat. -I | O126: NR | P126: 46102 | Q126: Cat. -I | R126: XXXX-BESS-SITE-T-0001 | BM126: =MID(F126,20,1) -> E
A127: 125 | B127: =$A$1 -> PSS10B_Adani Renewable Energy 35 Limited (ARE35L) | C127: Harmonic Filter | D127: Vendor | E127: Clarient | F127: 51N2-CPSL-HFL-GEN-DE-L-0004 | H127: Drawing and GTP for Lightning Arrestor | I127: Approval | J127: Document | K127: 21.03.2026 | N127: {=_xlfn.IFNA(LOOKUP(2, 1/(MOD(COLUMN(O127:XFD127)-COLUMN(O127), 5)=2)/(O127:XFD127<>""), O127:XFD127),"Not Submitted")} -> Cat. -I | O127: NR | P127: 46102 | Q127: Cat. -I | R127: XXXX-BESS-SITE-T-0001 | BM127: =MID(F127,20,1) -> E
A128: 126 | B128: =$A$1 -> PSS10B_Adani Renewable Energy 35 Limited (ARE35L) | C128: Harmonic Filter | D128: Vendor | E128: Clarient | F128: 51N2-CPSL-HFL-GEN-DE-D-0001 | H128: Data sheet for Termination kit | I128: Approval | J128: Document | K128: 21.03.2026 | N128: {=_xlfn.IFNA(LOOKUP(2, 1/(MOD(COLUMN(O128:XFD128)-COLUMN(O128), 5)=2)/(O128:XFD128<>""), O128:XFD128),"Not Submitted")} -> Cat. -I | O128: 46114 | P128: 46119 | Q128: Cat. -I | R128: XXXX-BESS-SITE-T-0001 | BM128: =MID(F128,20,1) -> E
A129: 127 | B129: =$A$1 -> PSS10B_Adani Renewable Energy 35 Limited (ARE35L) | C129: Harmonic Filter | D129: Vendor | E129: Clarient | F129: 51N2-CPSL-HFL-GEN-DE-E-0001 | H129: Single Line Diagram | I129: Approval | J129: Document | K129: 24.03.2026 | N129: {=_xlfn.IFNA(LOOKUP(2, 1/(MOD(COLUMN(O129:XFD129)-COLUMN(O129), 5)=2)/(O129:XFD129<>""), O129:XFD129),"Not Submitted")} -> Cat. -I | O129: NR | P129: 46102 | Q129: Cat. -I | R129: XXXX-BESS-SITE-T-0001 | BM129: =MID(F129,20,1) -> E
A130: 128 | B130: =$A$1 -> PSS10B_Adani Renewable Energy 35 Limited (ARE35L) | C130: Harmonic Filter | D130: Vendor | E130: Clarient | F130: 51N2-CPSL-HFL-GEN-DE-D-0002 | H130: Data sheet for Control Cable | I130: Approval | J130: Document | K130: 21.03.2026 | N130: {=_xlfn.IFNA(LOOKUP(2, 1/(MOD(COLUMN(O130:XFD130)-COLUMN(O130), 5)=2)/(O130:XFD130<>""), O130:XFD130),"Not Submitted")} -> Cat. -I | O130: 46114 | P130: 46119 | Q130: Cat. -I | R130: XXXX-BESS-SITE-T-0001 | BM130: =MID(F130,20,1) -> E
A131: 129 | B131: =$A$1 -> PSS10B_Adani Renewable Energy 35 Limited (ARE35L) | C131: Harmonic Filter | D131: Vendor | E131: Clarient | F131: 51N2-CPSL-HFL-GEN-DE-C-0001 | H131: Design Calculation sheet for Harmonic Filter | I131: Approval | J131: Document | K131: 24.03.2026 | N131: {=_xlfn.IFNA(LOOKUP(2, 1/(MOD(COLUMN(O131:XFD131)-COLUMN(O131), 5)=2)/(O131:XFD131<>""), O131:XFD131),"Not Submitted")} -> delete | O131: NR | P131: 46102 | Q131: Cat. -I | R131: XXXX-BESS-SITE-T-0001 | V131: delete | X131: As per the discussed with Mr. Janeshkumar & Mr. Kaushal Patel_18.06.2026 | BM131: =MID(F131,20,1) -> E
A132: 130 | B132: =$A$1 -> PSS10B_Adani Renewable Energy 35 Limited (ARE35L) | C132: Harmonic Filter | D132: Vendor | E132: Clarient | F132: 51N2-CPSL-HFL-GEN-DE-L-0005 | H132: Drawing and GTP for MV Capacitors | I132: Approval | J132: Document | K132: 21.03.2026 | N132: {=_xlfn.IFNA(LOOKUP(2, 1/(MOD(COLUMN(O132:XFD132)-COLUMN(O132), 5)=2)/(O132:XFD132<>""), O132:XFD132),"Not Submitted")} -> Cat. -I | O132: NR | P132: 46105 | Q132: Cat. -I | R132: XXXX-BESS-SITE-T-0001 | BM132: =MID(F132,20,1) -> E
A133: 131 | B133: =$A$1 -> PSS10B_Adani Renewable Energy 35 Limited (ARE35L) | C133: Harmonic Filter | D133: Vendor | E133: Clarient | F133: 51N2-CPSL-HFL-GEN-DE-L-0006 | H133: Drawing and GTP for Damping Resistor | I133: Approval | J133: Document | K133: 21.03.2026 | N133: {=_xlfn.IFNA(LOOKUP(2, 1/(MOD(COLUMN(O133:XFD133)-COLUMN(O133), 5)=2)/(O133:XFD133<>""), O133:XFD133),"Not Submitted")} -> Not Submitted | BM133: =MID(F133,20,1) -> E
A134: 132 | B134: =$A$1 -> PSS10B_Adani Renewable Energy 35 Limited (ARE35L) | C134: Harmonic Filter | D134: Vendor | E134: Clarient | F134: 51N2-CPSL-HFL-GEN-DE-D-0003 | H134: Data Sheet of GI Earth Flats | I134: Approval | J134: Document | K134: NA | N134: {=_xlfn.IFNA(LOOKUP(2, 1/(MOD(COLUMN(O134:XFD134)-COLUMN(O134), 5)=2)/(O134:XFD134<>""), O134:XFD134),"Not Submitted")} -> Cat. -I | O134: 46156 | P134: 46156 | Q134: Cat. -I | R134: XXXX-BESS-SITE-T-0001 | BM134: =MID(F134,20,1) -> E
A135: 133 | B135: =$A$1 -> PSS10B_Adani Renewable Energy 35 Limited (ARE35L) | C135: Harmonic Filter | D135: Vendor | E135: Clarient | F135: 51N2-CPSL-HFL-GEN-DE-L-0007 | H135: Drawing & Data sheet for Earth Pit | I135: Approval | J135: Document | K135: 24.03.2026 | N135: {=_xlfn.IFNA(LOOKUP(2, 1/(MOD(COLUMN(O135:XFD135)-COLUMN(O135), 5)=2)/(O135:XFD135<>""), O135:XFD135),"Not Submitted")} -> Cat. -I | O135: 46114 | P135: 46119 | Q135: Cat. -I | R135: XXXX-BESS-SITE-T-0001 | BM135: =MID(F135,20,1) -> E
...

Sheet PSS12
A1: PSS12_Adani Green Energy 27 C Limited (AGE27CL) | O1: Rev.00 | T1: Rev.01 | Y1: Rev.02 | AD1: Rev.03 | AI1: Rev.04/0E | AN1: Rev.05/0F | AS1: Rev.06/0G | AX1: Rev.07/0H | BC1: Rev.08/0I | BH1: Rev.09/0J
A2: Sr. No. | B2: Project | C2: Package | D2: In-house/Vendor | E2: In-house/Vendor Name2 | F2: New_Drawing / Document Number | G2: Drawing / Document Number | H2: Document Title | I2: Document Category | J2: DOCUMENT TYPE | K2: Schedule Date | L2: FORECAST DATE | M2: Weightage | N2: Status | O2: Recd Date_00 | P2: Comment date_00 | Q2: Status_00 | R2: XMTL No._00 | S2: Remarks_00 | T2: Recd Date_01 | U2: Comment date_01 | V2: Status_01 | W2: XMTL No._01 | X2: Remarks_01 | Y2: Recd Date_02 | Z2: Comment date_02 | AA2: Status_02 | AB2: XMTL No._02 | AC2: Remarks_02 | AD2: Recd Date_03 | AE2: Comment date_03 | AF2: Status_03 | AG2: XMTL No._03 | AH2: Remarks_03 | AI2: Recd Date_04 | AJ2: Comment date_04 | AK2: Status_04 | AL2: XMTL No._04 | AM2: Remarks_04 | AN2: Recd Date_05 | AO2: Comment date_05 | AP2: Status_05 | AQ2: XMTL No._05 | AR2: Remarks_05 | AS2: Recd Date_06 | AT2: Comment date_06 | AU2: Status_06 | AV2: XMTL No._06 | AW2: Remarks_06 | AX2: Recd Date_07 | AY2: Comment date_07 | AZ2: Status_07 | BA2: XMTL No._07 | BB2: Remarks_07 | BC2: Recd Date_08 | BD2: Comment date_08 | BE2: Status_08 | BF2: XMTL No._08 | BG2: Remarks_08 | BH2: Recd Date_09 | BI2: Comment date_09 | BJ2: Status_09 | BK2: XMTL No._09 | BL2: Remarks_09 | BM2: Remarks_10
A3: 1 | B3: =$A$1 -> PSS12_Adani Green Energy 27 C Limited (AGE27CL) | C3: Coupling Transformer | D3: Vendor | E3: Tesla | F3: 6764-TESL-CTF-GEN-DE-G-0001 | G3: 51H2-E-SEP-IDT-DE-G-V-0001 | H3: GA Drawings with List of Fittings for IDT | I3: Approval | J3: Drawing | N3: {=_xlfn.IFNA(LOOKUP(2, 1/(MOD(COLUMN(O3:XFD3)-COLUMN(O3), 5)=2)/(O3:XFD3<>""), O3:XFD3),"Not Submitted")} -> Cat. -I | O3: NR | P3: 46042 | Q3: Cat. -I | R3: 51N2-BESS-SITE-T-0011 | S3: rev.02 | BM3: =MID(F3,20,1) -> E
A4: 2 | B4: =$A$1 -> PSS12_Adani Green Energy 27 C Limited (AGE27CL) | C4: Coupling Transformer | D4: Vendor | E4: Tesla | F4: 6764-TESL-CTF-GEN-DE-G-0002 | G4: 51H2-E-SEP-IDT-DE-G-V-0002 | H4: GA OF MARSHALLING BOX & WIRING DIAGRAM and SCHEMATIC DIAGRAM OF COOLING SYSTEM | I4: Approval | J4: Drawing | N4: {=_xlfn.IFNA(LOOKUP(2, 1/(MOD(COLUMN(O4:XFD4)-COLUMN(O4), 5)=2)/(O4:XFD4<>""), O4:XFD4),"Not Submitted")} -> Cat. -I | O4: NR | P4: 46042 | Q4: Cat. -I | R4: 51N2-BESS-SITE-T-0011 | S4: reV.01 | BM4: =MID(F4,20,1) -> E
A5: 3 | B5: =$A$1 -> PSS12_Adani Green Energy 27 C Limited (AGE27CL) | C5: Coupling Transformer | D5: Vendor | E5: Tesla | F5: 6764-TESL-CTF-GEN-DE-G-0003 | G5: 51H2-E-SEP-IDT-DE-G-V-0003 | H5: EMR NIFPS (Nitrogen Injection & Fire Protection System) Drawings | I5: Approval | J5: Drawing | N5: {=_xlfn.IFNA(LOOKUP(2, 1/(MOD(COLUMN(O5:XFD5)-COLUMN(O5), 5)=2)/(O5:XFD5<>""), O5:XFD5),"Not Submitted")} -> Not Submitted | BM5: =MID(F5,20,1) -> E
A6: 4 | B6: =$A$1 -> PSS12_Adani Green Energy 27 C Limited (AGE27CL) | C6: Coupling Transformer | D6: Vendor | E6: Tesla | F6: 6764-TESL-CTF-GEN-DE-G-0004 | G6: 51H2-E-SEP-IDT-DE-G-V-0004 | H6: ONLINE DRYING SYSTEM DRAWING WITH GUARANRTEED TECHNICAL PARTICULARS | I6: Approval | J6: Drawing | N6: {=_xlfn.IFNA(LOOKUP(2, 1/(MOD(COLUMN(O6:XFD6)-COLUMN(O6), 5)=2)/(O6:XFD6<>""), O6:XFD6),"Not Submitted")} -> Not Submitted | BM6: =MID(F6,20,1) -> E
A7: 5 | B7: =$A$1 -> PSS12_Adani Green Energy 27 C Limited (AGE27CL) | C7: Coupling Transformer | D7: Vendor | E7: Tesla | F7: 6764-TESL-CTF-GEN-DE-G-0005 | G7: 51H2-E-SEP-IDT-DE-G-V-0005 | H7: CTR NIFPS (Nitrogen Injection & Fire Protection System) Drawings | I7: Approval | J7: Drawing | N7: {=_xlfn.IFNA(LOOKUP(2, 1/(MOD(COLUMN(O7:XFD7)-COLUMN(O7), 5)=2)/(O7:XFD7<>""), O7:XFD7),"Not Submitted")} -> Not Submitted | BM7: =MID(F7,20,1) -> E
A8: 6 | B8: =$A$1 -> PSS12_Adani Green Energy 27 C Limited (AGE27CL) | C8: Coupling Transformer | D8: Vendor | E8: Tesla | F8: 6764-TESL-CTF-GEN-DE-D-0001 | G8: 51H2-E-SEP-IDT-DE-D-V-0001 | H8: GTP of IDT | I8: Approval | J8: Document | N8: {=_xlfn.IFNA(LOOKUP(2, 1/(MOD(COLUMN(O8:XFD8)-COLUMN(O8), 5)=2)/(O8:XFD8<>""), O8:XFD8),"Not Submitted")} -> Cat. -I | O8: NR | P8: 46042 | Q8: Cat. -I | R8: 51N2-BESS-SITE-T-0011 | BM8: =MID(F8,20,1) -> E
A9: 7 | B9: =$A$1 -> PSS12_Adani Green Energy 27 C Limited (AGE27CL) | C9: Coupling Transformer | D9: Vendor | E9: Tesla | F9: 6764-TESL-CTF-GEN-DE-M-0001 | G9: 51H2-E-SEP-IDT-DE-M-V-0001 | H9: O&M Manual of IDT | I9: Approval | J9: Document | N9: {=_xlfn.IFNA(LOOKUP(2, 1/(MOD(COLUMN(O9:XFD9)-COLUMN(O9), 5)=2)/(O9:XFD9<>""), O9:XFD9),"Not Submitted")} -> Not Submitted | BM9: =MID(F9,20,1) -> E
A10: 8 | B10: =$A$1 -> PSS12_Adani Green Energy 27 C Limited (AGE27CL) | C10: Battery | D10: Vendor | E10: CATL | F10: 6764-CATL-BTR-BCL-DE-D-0001 | G10: 51H2-E-BTR-BCL-BE-R-V-0001 | H10: GTP (Technical Paramater detail) for cell | I10: Information | J10: Document | K10: 46052 | N10: {=_xlfn.IFNA(LOOKUP(2, 1/(MOD(COLUMN(O10:XFD10)-COLUMN(O10), 5)=2)/(O10:XFD10<>""), O10:XFD10),"Not Submitted")} -> Cat. -I | Q10: Cat. -I | S10: Document received by Mr. Samrej Vahora on 23.02.2026 | BM10: =MID(F10,20,1) -> E
A11: 9 | B11: =$A$1 -> PSS12_Adani Green Energy 27 C Limited (AGE27CL) | C11: Battery | D11: Vendor | E11: CATL | F11: 6764-CATL-BTR-BCL-DE-G-0001 | G11: 51H2-E-BTR-BAR-DE-D-V-0001 | H11: General Arrangement (GA) drawing for cell | I11: Information | J11: Document | K11: 46052 | N11: {=_xlfn.IFNA(LOOKUP(2, 1/(MOD(COLUMN(O11:XFD11)-COLUMN(O11), 5)=2)/(O11:XFD11<>""), O11:XFD11),"Not Submitted")} -> Delete | Q11: Delete | S11: As per the received mail by Mr. Aditya Pratap Singh_02.02.2026 | BM11: =MID(F11,20,1) -> E
A12: 10 | B12: =$A$1 -> PSS12_Adani Green Energy 27 C Limited (AGE27CL) | C12: Battery | D12: Vendor | E12: CATL | F12: 6764-CATL-BTR-BCL-DE-R-0001 | G12: 51H2-E-BTR-BAR-DE-G-V-0001 | H12: Battery cell certification and compliance report, including detailed model numbers and test results for cell | I12: Information | J12: Drawing | K12: 46052 | L12: 46295 | N12: {=_xlfn.IFNA(LOOKUP(2, 1/(MOD(COLUMN(O12:XFD12)-COLUMN(O12), 5)=2)/(O12:XFD12<>""), O12:XFD12),"Not Submitted")} -> Not Submitted | BM12: =MID(F12,20,1) -> E
A13: 11 | B13: =$A$1 -> PSS12_Adani Green Energy 27 C Limited (AGE27CL) | C13: Battery | D13: Vendor | E13: CATL | F13: 6764-CATL-BTR-BAR-DE-D-0001 | G13: 51H2-E-BTR-BAR-BE-R-V-0001 | H13: GTP (Technical Paramater detail) (Pack, HV box and rack ) for rack | I13: Approval | J13: Document | K13: 46052 | N13: {=_xlfn.IFNA(LOOKUP(2, 1/(MOD(COLUMN(O13:XFD13)-COLUMN(O13), 5)=2)/(O13:XFD13<>""), O13:XFD13),"Not Submitted")} -> Cat. -I | Q13: Cat. -I | S13: Document received by Mr. Samrej Vahora on 23.02.2026 | BM13: =MID(F13,20,1) -> E
A14: 12 | B14: =$A$1 -> PSS12_Adani Green Energy 27 C Limited (AGE27CL) | C14: Battery | D14: Vendor | E14: CATL | F14: 6764-CATL-BTR-BAR-DE-G-0001 | G14: 51H2-E-BTR-BCN-DE-D-V-0001 | H14: GA Drawing (PDF &CAD file ) showing component layout and dimensions for rack 1- Battery Pack 2- HV box with Rack Frame | I14: Approval | J14: Document | K14: 46052 | N14: {=_xlfn.IFNA(LOOKUP(2, 1/(MOD(COLUMN(O14:XFD14)-COLUMN(O14), 5)=2)/(O14:XFD14<>""), O14:XFD14),"Not Submitted")} -> Delete | Q14: Delete | S14: As per the received mail by Mr. Aditya Pratap Singh_02.02.2026 | BM14: =MID(F14,20,1) -> E
A15: 13 | B15: =$A$1 -> PSS12_Adani Green Energy 27 C Limited (AGE27CL) | C15: Battery | D15: Vendor | E15: CATL | F15: 6764-CATL-BTR-BAR-DE-R-0001 | G15: 51H2-E-BTR-BCN-DE-G-V-0001 | H15: Certification and test report for battery rack, including model numbers and compliance data for rack | I15: Information | J15: Drawing | K15: 46052 | N15: {=_xlfn.IFNA(LOOKUP(2, 1/(MOD(COLUMN(O15:XFD15)-COLUMN(O15), 5)=2)/(O15:XFD15<>""), O15:XFD15),"Not Submitted")} -> Cat. -IV | Q15: Cat. -IV | S15: Document received by Mr. Samrej Vahora on 27.06.2026 | BM15: =MID(F15,20,1) -> E
A16: 14 | B16: =$A$1 -> PSS12_Adani Green Energy 27 C Limited (AGE27CL) | C16: Battery | D16: Vendor | E16: CATL | F16: 6764-CATL-BTR-BCN-DE-D-0001 | G16: 51H2-E-BTR-BCN-BE-R-V-0001 | H16: GTP (Technical Paramater detail) for Container | I16: Approval | J16: Document | K16: 46052 | N16: {=_xlfn.IFNA(LOOKUP(2, 1/(MOD(COLUMN(O16:XFD16)-COLUMN(O16), 5)=2)/(O16:XFD16<>""), O16:XFD16),"Not Submitted")} -> Cat. -I | Q16: Cat. -I | S16: Document received by Mr. Samrej Vahora on 23.02.2026 | BM16: =MID(F16,20,1) -> E
A17: 15 | B17: =$A$1 -> PSS12_Adani Green Energy 27 C Limited (AGE27CL) | C17: Battery | D17: Vendor | E17: CATL | F17: 6764-CATL-BTR-BCN-DE-G-0001 | G17: 51H2-E-BTR-FSS-DE-D-V-0001 | H17: General Arrangement (GA) drawing in PDF and CAD formats, including detailed footing dimensions for Container | I17: Approval | J17: Document | K17: 46052 | N17: {=_xlfn.IFNA(LOOKUP(2, 1/(MOD(COLUMN(O17:XFD17)-COLUMN(O17), 5)=2)/(O17:XFD17<>""), O17:XFD17),"Not Submitted")} -> Cat. -I | Q17: Cat. -I | S17: Document received by Mr. Samrej Vahora on 26.02.2026 | BM17: =MID(F17,20,1) -> E
A18: 16 | B18: =$A$1 -> PSS12_Adani Green Energy 27 C Limited (AGE27CL) | C18: Battery | D18: Vendor | E18: CATL | F18: 6764-CATL-BTR-BCN-DE-R-0001 | G18: 51H2-E-BTR-FSS-DE-G-V-0001 | H18: BESS container Certification and test report, including model numbers and compliance data for Container | I18: Information | J18: Drawing | K18: 46052 | N18: {=_xlfn.IFNA(LOOKUP(2, 1/(MOD(COLUMN(O18:XFD18)-COLUMN(O18), 5)=2)/(O18:XFD18<>""), O18:XFD18),"Not Submitted")} -> Cat. -IV | Q18: Cat. -IV | S18: Document received by Mr. Kunal on 23.06.2026 | BM18: =MID(F18,20,1) -> E
A19: 17 | B19: =$A$1 -> PSS12_Adani Green Energy 27 C Limited (AGE27CL) | C19: Battery | D19: Vendor | E19: CATL | F19: 6764-CATL-BTR-FSS-DE-D-0001 | G19: 51H2-E-BTR-FSS-BE-R-V-0001 | H19: GTP (Technical Paramater detail) for FSS | I19: Approval | J19: Document | K19: 46052 | N19: {=_xlfn.IFNA(LOOKUP(2, 1/(MOD(COLUMN(O19:XFD19)-COLUMN(O19), 5)=2)/(O19:XFD19<>""), O19:XFD19),"Not Submitted")} -> Cat. -I | Q19: Cat. -I | S19: Document received by Mr. Samrej Vahora on 26.02.2026 | BM19: =MID(F19,20,1) -> E
A20: 18 | B20: =$A$1 -> PSS12_Adani Green Energy 27 C Limited (AGE27CL) | C20: Battery | D20: Vendor | E20: CATL | F20: 6764-CATL-BTR-FSS-DE-G-0001 | G20: 51H2-E-BTR-DCA-DE-D-V-0001 | H20: GA FOR FSS | I20: Approval | J20: Document | K20: 46052 | N20: {=_xlfn.IFNA(LOOKUP(2, 1/(MOD(COLUMN(O20:XFD20)-COLUMN(O20), 5)=2)/(O20:XFD20<>""), O20:XFD20),"Not Submitted")} -> Delete | Q20: Delete | S20: As per the received mail by Mr. Aditya Pratap Singh_02.02.2026 | BM20: =MID(F20,20,1) -> E
A21: 19 | B21: =$A$1 -> PSS12_Adani Green Energy 27 C Limited (AGE27CL) | C21: Battery | D21: Vendor | E21: CATL | F21: 6764-CATL-BTR-FSS-DE-D-0002 | G21: 51H2-E-BTR-DCA-DE-G-V-0001 | H21: FSS component details as per given format for FSS | I21: Information | J21: Drawing | K21: 46052 | N21: {=_xlfn.IFNA(LOOKUP(2, 1/(MOD(COLUMN(O21:XFD21)-COLUMN(O21), 5)=2)/(O21:XFD21<>""), O21:XFD21),"Not Submitted")} -> Cat. -IV | Q21: Cat. -IV | S21: Document received by Mr. Samrej Vahora on 26.02.2026 | BM21: =MID(F21,20,1) -> E
A22: 20 | B22: =$A$1 -> PSS12_Adani Green Energy 27 C Limited (AGE27CL) | C22: Battery | D22: Vendor | E22: CATL | F22: 6764-CATL-BTR-FSS-DE-R-0001 | G22: 51H2-E-BTR-DCA-BE-R-V-0001 | H22: FSS Certification and test report, including model numbers,compliance data and design calculation of aerosol and venting area for FSS | I22: Information | J22: Document | K22: 46052 | N22: {=_xlfn.IFNA(LOOKUP(2, 1/(MOD(COLUMN(O22:XFD22)-COLUMN(O22), 5)=2)/(O22:XFD22<>""), O22:XFD22),"Not Submitted")} -> Cat. -IV | Q22: Cat. -IV | S22: Document received by Mr. Samrej Vahora on 09.07.2026 | BM22: =MID(F22,20,1) -> E
A23: 21 | B23: =$A$1 -> PSS12_Adani Green Energy 27 C Limited (AGE27CL) | C23: Battery | D23: Vendor | E23: CATL | F23: 6764-CATL-BTR-DCA-DE-D-0001 | G23: 51H2-E-BTR-HVA-DE-D-V-0001 | H23: GTP (Technical Paramater detail) for DC Cable Termination Cabinet | I23: Approval | J23: Document | K23: 46052 | N23: {=_xlfn.IFNA(LOOKUP(2, 1/(MOD(COLUMN(O23:XFD23)-COLUMN(O23), 5)=2)/(O23:XFD23<>""), O23:XFD23),"Not Submitted")} -> Cat. -I | Q23: Cat. -I | S23: Document received by Mr. Samrej Vahora on 23.02.2026 | BM23: =MID(F23,20,1) -> E
A24: 22 | B24: =$A$1 -> PSS12_Adani Green Energy 27 C Limited (AGE27CL) | C24: Battery | D24: Vendor | E24: CATL | F24: 6764-CATL-BTR-DCA-DE-G-0001 | G24: 51H2-E-BTR-HVA-DE-G-V-0001 | H24: GA for DC Cable Termination Cabinet 1- CAD file & PDF 2- Terminal busbar drawing include hole size and position with lug integrated (shared by adani) 3-Detailed layout showing cable entry points and termination locations | I24: Approval | J24: Drawing | K24: 46052 | N24: {=_xlfn.IFNA(LOOKUP(2, 1/(MOD(COLUMN(O24:XFD24)-COLUMN(O24), 5)=2)/(O24:XFD24<>""), O24:XFD24),"Not Submitted")} -> Cat. -I | Q24: Cat. -I | S24: Document received by Mr. Samrej Vahora on 23.02.2026 | BM24: =MID(F24,20,1) -> E
... A40: 38 | B40: =$A$1 -> PSS12_Adani Green Energy 27 C Limited (AGE27CL) | C40: Battery | D40: Vendor | E40: CATL | F40: 6764-CATL-BTR-GEN-DE-O-0002 | G40: 51H2-E-BTR-GEN-DE-D-V-0002 | H40: Model for System Design and Aux Calculation based on Ambient. | I40: Approval | J40: Document | K40: 46052 | N40: {=_xlfn.IFNA(LOOKUP(2, 1/(MOD(COLUMN(O40:XFD40)-COLUMN(O40), 5)=2)/(O40:XFD40<>""), O40:XFD40),"Not Submitted")} -> Cat. -I | Q40: Cat. -I | S40: Document received by Mr. Samrej Vahora on 23.02.2026 | BM40: =MID(F40,20,1) -> E
A41: 39 | B41: =$A$1 -> PSS12_Adani Green Energy 27 C Limited (AGE27CL) | C41: Battery | D41: Vendor | E41: CATL | F41: 6764-CATL-BTR-GEN-DE-O-0004 | G41: 51H2-E-BTR-GEN-DE-D-V-0003 | H41: Degradation profile considering cycle per day, DoD, temperature, etc. | I41: Approval | K41: 46052 | N41: {=_xlfn.IFNA(LOOKUP(2, 1/(MOD(COLUMN(O41:XFD41)-COLUMN(O41), 5)=2)/(O41:XFD41<>""), O41:XFD41),"Not Submitted")} -> Cat. -I | Q41: Cat. -I | S41: Document received by Mr. Samrej Vahora on 23.02.2026 | BM41: =MID(F41,20,1) -> E
A42: 40 | B42: =$A$1 -> PSS12_Adani Green Energy 27 C Limited (AGE27CL) | C42: Battery | D42: Vendor | E42: CATL | F42: 6764-CATL-BTR-GEN-DE-D-0001 | G42: 51H2-E-BTR-GEN-DE-O-V-0005 | H42: BESS Container Communication Interface & Scheme, Port details | I42: Information | K42: 46052 | N42: {=_xlfn.IFNA(LOOKUP(2, 1/(MOD(COLUMN(O42:XFD42)-COLUMN(O42), 5)=2)/(O42:XFD42<>""), O42:XFD42),"Not Submitted")} -> Cat. -IV | Q42: Cat. -IV | S42: Document received by Mr. Samrej Vahora on 26.02.2026 | BM42: =MID(F42,20,1) -> E
A43: 41 | B43: =$A$1 -> PSS12_Adani Green Energy 27 C Limited (AGE27CL) | C43: Battery | D43: Vendor | E43: CATL | F43: 6764-CATL-BTR-GEN-DE-M-0001 | G43: 51H2-E-BTR-GEN-DE-O-V-0006 | H43: O&M Manual and Installation & Transportation Manual | I43: Information | K43: 46052 | N43: {=_xlfn.IFNA(LOOKUP(2, 1/(MOD(COLUMN(O43:XFD43)-COLUMN(O43), 5)=2)/(O43:XFD43<>""), O43:XFD43),"Not Submitted")} -> Cat. -IV | Q43: Cat. -IV | S43: Document received by Mr. Samrej Vahora on 26.02.2026 | BM43: =MID(F43,20,1) -> E
A44: 42 | B44: =$A$1 -> PSS12_Adani Green Energy 27 C Limited (AGE27CL) | C44: Battery | D44: Vendor | E44: CATL | F44: 6764-CATL-BTR-GEN-DE-B-0001 | G44: 51H2-E-BTR-GEN-DE-N-V-0001 | H44: BOQ and spare parts list (all component list pack level, HV box, rack level, container level,etc..) | I44: Approval | K44: 46052 | N44: {=_xlfn.IFNA(LOOKUP(2, 1/(MOD(COLUMN(O44:XFD44)-COLUMN(O44), 5)=2)/(O44:XFD44<>""), O44:XFD44),"Not Submitted")} -> Cat. -IV | Q44: Cat. -IV | S44: Document received by Mr. Samrej Vahora on 27.06.2026 | BM44: =MID(F44,20,1) -> E
A45: 43 | B45: =$A$1 -> PSS12_Adani Green Energy 27 C Limited (AGE27CL) | C45: Battery | D45: Vendor | E45: CATL | F45: 6764-CATL-BTR-GEN-DE-R-0001 | G45: 51H2-E-BTR-GEN-DE-D-V-0004 | H45: Certification Summary | I45: Information | K45: 46052 | N45: {=_xlfn.IFNA(LOOKUP(2, 1/(MOD(COLUMN(O45:XFD45)-COLUMN(O45), 5)=2)/(O45:XFD45<>""), O45:XFD45),"Not Submitted")} -> Cat. -IV | Q45: Cat. -IV | S45: Document received by Mr. Samrej Vahora on 27.06.2026 | BM45: =MID(F45,20,1) -> E
A46: 44 | B46: =$A$1 -> PSS12_Adani Green Energy 27 C Limited (AGE27CL) | C46: Battery | D46: Vendor | E46: CATL | F46: 6764-CATL-BTR-GEN-DE-D-0002 | G46: 51H2-E-BTR-BCL-DE-R-V-0101 | H46: Details of BMS ethernet port for interface with EMS. | I46: Information | J46: Document | K46: 46052 | N46: {=_xlfn.IFNA(LOOKUP(2, 1/(MOD(COLUMN(O46:XFD46)-COLUMN(O46), 5)=2)/(O46:XFD46<>""), O46:XFD46),"Not Submitted")} -> Cat. -IV | Q46: Cat. -IV | S46: Document received by Mr. Krunal on 02.03.2026 | BM46: =MID(F46,20,1) -> E
A47: 45 | B47: =$A$1 -> PSS12_Adani Green Energy 27 C Limited (AGE27CL) | C47: Battery | D47: Vendor | E47: CATL | F47: 6764-CATL-BTR-GEN-DE-O-0005 | G47: 51H2-E-BTR-BAR-DE-D-V-0101 | H47: Modbus mapping register with complete description for all parameters. | I47: Information | J47: Document | K47: 46052 | N47: {=_xlfn.IFNA(LOOKUP(2, 1/(MOD(COLUMN(O47:XFD47)-COLUMN(O47), 5)=2)/(O47:XFD47<>""), O47:XFD47),"Not Submitted")} -> Cat. -IV | Q47: Cat. -IV | S47: Document received by Mr. Samrej Vahora on 26.02.2026 | BM47: =MID(F47,20,1) -> E
A48: 46 | B48: =$A$1 -> PSS12_Adani Green Energy 27 C Limited (AGE27CL) | C48: Battery | D48: Vendor | E48: CATL | F48: 6764-CATL-BTR-GEN-DE-N-0001 | G48: 51H2-E-BTR-BAR-DE-G-V-0101 | H48: BMS control philoshophy (Fail secnerios, mode of operation, Setpoints, Moderate/ mild/Severe alarm actions ) | I48: Information | J48: Drawing | K48: 46052 | N48: {=_xlfn.IFNA(LOOKUP(2, 1/(MOD(COLUMN(O48:XFD48)-COLUMN(O48), 5)=2)/(O48:XFD48<>""), O48:XFD48),"Not Submitted")} -> Cat. -IV | Q48: Cat. -IV | S48: Document received by Mr. Samrej Vahora on 23.02.2026 | BM48: =MID(F48,20,1) -> E
A49: 47 | B49: =$A$1 -> PSS12_Adani Green Energy 27 C Limited (AGE27CL) | C49: Battery | D49: Vendor | E49: CATL | F49: 6764-CATL-BTR-GEN-DE-D-0003 | G49: 51H2-E-BTR-BAR-BE-R-V-0101 | H49: BMS make and technical datasheet | I49: Information | J49: Document | K49: 46052 | N49: {=_xlfn.IFNA(LOOKUP(2, 1/(MOD(COLUMN(O49:XFD49)-COLUMN(O49), 5)=2)/(O49:XFD49<>""), O49:XFD49),"Not Submitted")} -> Cat. -IV | Q49: Cat. -IV | S49: Document received by Mr. Samrej Vahora on 23.02.2026 | BM49: =MID(F49,20,1) -> E
A50: 48 | B50: =$A$1 -> PSS12_Adani Green Energy 27 C Limited (AGE27CL) | C50: PCS | D50: Vendor | E50: Inovance | F50: 6764-INOV-PCS-GEN-DE-N-0001 | G50: 51H2-E-PCS-GEN-DE-N-V-0001 | H50: System & Function Descriptions of PCS | I50: Information | J50: Drawing | N50: {=_xlfn.IFNA(LOOKUP(2, 1/(MOD(COLUMN(O50:XFD50)-COLUMN(O50), 5)=2)/(O50:XFD50<>""), O50:XFD50),"Not Submitted")} -> Cat. -IV | Q50: Cat. -IV | S50: Document received by Mr. Samrej Vahora on 23.02.2026 | BM50: =MID(F50,20,1) -> E
A51: 49 | B51: =$A$1 -> PSS12_Adani Green Energy 27 C Limited (AGE27CL) | C51: PCS | D51: Vendor | E51: Inovance | F51: 6764-INOV-PCS-GEN-DE-D-0001 | G51: 51H2-E-PCS-GEN-DE-N-V-0002 | H51: GTP of PCS | I51: Approval | J51: Drawing | N51: {=_xlfn.IFNA(LOOKUP(2, 1/(MOD(COLUMN(O51:XFD51)-COLUMN(O51), 5)=2)/(O51:XFD51<>""), O51:XFD51),"Not Submitted")} -> Cat. -I_Star | Q51: Cat. -I_Star | S51: Document received by Mr. Samrej Vahora on 23.02.2026 | BM51: =MID(F51,20,1) -> E
A52: 50 | B52: =$A$1 -> PSS12_Adani Green Energy 27 C Limited (AGE27CL) | C52: PCS | D52: Vendor | E52: Inovance | F52: 6764-INOV-PCS-GEN-DE-G-0001 | G52: 51H2-E-PCS-GEN-DE-N-V-0003 | H52: General Arrangements Drawing – PCS | I52: Approval | J52: Drawing | N52: {=_xlfn.IFNA(LOOKUP(2, 1/(MOD(COLUMN(O52:XFD52)-COLUMN(O52), 5)=2)/(O52:XFD52<>""), O52:XFD52),"Not Submitted")} -> Cat. -I | Q52: Cat. -I | S52: Document received by Mr. Krunalkumar Patel on 05.03.2026 | BM52: =MID(F52,20,1) -> E
A53: 51 | B53: =$A$1 -> PSS12_Adani Green Energy 27 C Limited (AGE27CL) | C53: PCS | D53: Vendor | E53: Inovance | F53: 6764-INOV-PCS-GEN-DE-O-0001 | G53: 51H2-E-PCS-GEN-DE-G-V-0001 | H53: PCS 3D Model | I53: Information | J53: Drawing | N53: {=_xlfn.IFNA(LOOKUP(2, 1/(MOD(COLUMN(O53:XFD53)-COLUMN(O53), 5)=2)/(O53:XFD53<>""), O53:XFD53),"Not Submitted")} -> Cat. -IV | Q53: Cat. -IV | S53: Document received by Mr. Samrej Vahora on 27.06.2026 | BM53: =MID(F53,20,1) -> E
A54: 52 | B54: =$A$1 -> PSS12_Adani Green Energy 27 C Limited (AGE27CL) | C54: PCS | D54: Vendor | E54: Inovance | F54: 6764-INOV-PCS-GEN-DE-R-0001 | G54: 51H2-E-PCS-PCS-DE-L-V-0001 | H54: PCS Desing Basis Report | I54: Approval | J54: Drawing | N54: {=_xlfn.IFNA(LOOKUP(2, 1/(MOD(COLUMN(O54:XFD54)-COLUMN(O54), 5)=2)/(O54:XFD54<>""), O54:XFD54),"Not Submitted")} -> delete | Q54: delete | S54: As per the received mail by Mr. Tinkle Khalasi_18.04.2026 | BM54: =MID(F54,20,1) -> E
A55: 53 | B55: =$A$1 -> PSS12_Adani Green Energy 27 C Limited (AGE27CL) | C55: PCS | D55: Vendor | E55: Inovance | F55: 6764-INOV-PCS-GEN-DE-O-0002 | G55: 51H2-E-PCS-PCS-DE-I-V-0001 51H2-E-PCS-PCS-DE-I-V-0002 | H55: System level thermal profile as per site condition | I55: Information | J55: Drawing | N55: {=_xlfn.IFNA(LOOKUP(2, 1/(MOD(COLUMN(O55:XFD55)-COLUMN(O55), 5)=2)/(O55:XFD55<>""), O55:XFD55),"Not Submitted")} -> Cat. -I_Star | Q55: Cat. -I_Star | S55: Document received by Mr. Samrej Vahora on 23.02.2026 | BM55: =MID(F55,20,1) -> E
A56: 54 | B56: =$A$1 -> PSS12_Adani Green Energy 27 C Limited (AGE27CL) | C56: PCS | D56: Vendor | E56: Inovance | F56: 6764-INOV-PCS-GEN-DE-E-0002 | G56: 51H2-E-PCS-PCS-BE-R-V-0001 | H56: PCS schematic wiring drawings | I56: Approval | J56: Document | N56: {=_xlfn.IFNA(LOOKUP(2, 1/(MOD(COLUMN(O56:XFD56)-COLUMN(O56), 5)=2)/(O56:XFD56<>""), O56:XFD56),"Not Submitted")} -> Cat. -I_Star | Q56: Cat. -I_Star | S56: Document received by Mr. Samrej Vahora on 23.02.2026 | BM56: =MID(F56,20,1) -> E
A57: 55 | B57: =$A$1 -> PSS12_Adani Green Energy 27 C Limited (AGE27CL) | C57: PCS | D57: Vendor | E57: Inovance | F57: 6764-INOV-PCS-GEN-DE-B-0001 | G57: 51H2-E-PCS-GEN-DE-B-V-0001 | H57: Bill of material | I57: Approval | J57: Document | N57: {=_xlfn.IFNA(LOOKUP(2, 1/(MOD(COLUMN(O57:XFD57)-COLUMN(O57), 5)=2)/(O57:XFD57<>""), O57:XFD57),"Not Submitted")} -> Cat. -I_Star | Q57: Cat. -I_Star | S57: Document received by Mr. Samrej Vahora on 23.02.2026 | BM57: =MID(F57,20,1) -> E
A58: 56 | B58: =$A$1 -> PSS12_Adani Green Energy 27 C Limited (AGE27CL) | C58: PCS | D58: Vendor | E58: Inovance | F58: 6764-INOV-PCS-GEN-DE-I-0001 | G58: 51H2-E-PCS-PCS-DE-O-V-0001 | H58: Interconnection Drawings | I58: Approval | J58: Drawing | N58: {=_xlfn.IFNA(LOOKUP(2, 1/(MOD(COLUMN(O58:XFD58)-COLUMN(O58), 5)=2)/(O58:XFD58<>""), O58:XFD58),"Not Submitted")} -> Cat. -II | Q58: Cat. -II | S58: Document received by Mr. Krunalkumar Patel on 05.03.2026 | BM58: =MID(F58,20,1) -> E
A59: 57 | B59: =$A$1 -> PSS12_Adani Green Energy 27 C Limited (AGE27CL) | C59: PCS | D59: Vendor | E59: Inovance | F59: 6764-INOV-PCS-GEN-DE-G-0003 | G59: 51H2-E-PCS-PCS-DE-J-V-0001 | H59: Construction and installation drawing | I59: Approval | J59: Drawing | N59: {=_xlfn.IFNA(LOOKUP(2, 1/(MOD(COLUMN(O59:XFD59)-COLUMN(O59), 5)=2)/(O59:XFD59<>""), O59:XFD59),"Not Submitted")} -> Cat. -II | Q59: Cat. -II | S59: Document received by Mr. Krunalkumar Patel on 09.03.2026 | BM59: =MID(F59,20,1) -> E
A60: 58 | B60: =$A$1 -> PSS12_Adani Green Energy 27 C Limited (AGE27CL) | C60: PCS | D60: Vendor | E60: Inovance | F60: 6764-INOV-PCS-GEN-DE-M-0001 | G60: 51H2-E-PCS-GEN-DE-G-V-0002 | H60: O & M manual | I60: Information | J60: Drawing | N60: {=_xlfn.IFNA(LOOKUP(2, 1/(MOD(COLUMN(O60:XFD60)-COLUMN(O60), 5)=2)/(O60:XFD60<>""), O60:XFD60),"Not Submitted")} -> Cat. -IV | Q60: Cat. -IV | S60: Document received by Mr. Samrej Vahora on 23.02.2026 | BM60: =MID(F60,20,1) -> E
A61: 59 | B61: =$A$1 -> PSS12_Adani Green Energy 27 C Limited (AGE27CL) | C61: PCS | D61: Vendor | E61: Inovance | F61: 6764-INOV-PCS-GEN-DE-B-0002 | G61: 51H2-E-PCS-GEN-DE-G-V-0003 | H61: Maintenance schedule and activity plan | I61: Approval | J61: Drawing | N61: {=_xlfn.IFNA(LOOKUP(2, 1/(MOD(COLUMN(O61:XFD61)-COLUMN(O61), 5)=2)/(O61:XFD61<>""), O61:XFD61),"Not Submitted")} -> Cat. -IV | Q61: Cat. -IV | S61: Document received by Mr. Samrej Vahora on 23.02.2026 | BM61: =MID(F61,20,1) -> E
... A79: 77 | B79: =$A$1 -> PSS12_Adani Green Energy 27 C Limited (AGE27CL) | C79: PCS | D79: Vendor | E79: Inovance | F79: 6764-INOV-PCS-GEN-DE-O-0005 | G79: 51H2-E-PCS-PCS-DE-B-V-0002 | H79: Detailed Lock-out Procedure and Equipment safety Procedure | I79: Information | J79: Document | N79: {=_xlfn.IFNA(LOOKUP(2, 1/(MOD(COLUMN(O79:XFD79)-COLUMN(O79), 5)=2)/(O79:XFD79<>""), O79:XFD79),"Not Submitted")} -> Cat. -IV | Q79: Cat. -IV | S79: Document received by Mr. Krunalkumar Patel on 05.03.2026 | BM79: =MID(F79,20,1) -> E
A80: 78 | B80: =$A$1 -> PSS12_Adani Green Energy 27 C Limited (AGE27CL) | C80: PCS | D80: Vendor | E80: Inovance | F80: 6764-INOV-PCS-GEN-DE-L-0001 | G80: 51H2-E-PCS-PCS-DE-I-V-0004 | H80: 2D drawing | J80: Drawing | N80: {=_xlfn.IFNA(LOOKUP(2, 1/(MOD(COLUMN(O80:XFD80)-COLUMN(O80), 5)=2)/(O80:XFD80<>""), O80:XFD80),"Not Submitted")} -> Cat. -IV | Q80: Cat. -IV | S80: Document received by Mr. Samrej Vahora on 27.06.2026 | BM80: =MID(F80,20,1) -> E
A81: 79 | B81: =$A$1 -> PSS12_Adani Green Energy 27 C Limited (AGE27CL) | C81: PCS | D81: Vendor | E81: Inovance | F81: 6764-INOV-PCS-GEN-DE-L-0002 | G81: 51H2-E-PCS-PCS-DE-O-V-0003 | H81: 3D Drawing | J81: Drawing | N81: {=_xlfn.IFNA(LOOKUP(2, 1/(MOD(COLUMN(O81:XFD81)-COLUMN(O81), 5)=2)/(O81:XFD81<>""), O81:XFD81),"Not Submitted")} -> Cat. -IV | Q81: Cat. -IV | S81: Document received by Mr. krunal on 03.03.2026 | BM81: =MID(F81,20,1) -> E
A82: 80 | B82: =$A$1 -> PSS12_Adani Green Energy 27 C Limited (AGE27CL) | C82: PCS | D82: Vendor | E82: Inovance | F82: 6764-INOV-PCS-GEN-DE-O-0006 | G82: 51H2-E-PCS-PCS-DE-M-V-0004 | H82: PSSE Model | J82: Document | N82: {=_xlfn.IFNA(LOOKUP(2, 1/(MOD(COLUMN(O82:XFD82)-COLUMN(O82), 5)=2)/(O82:XFD82<>""), O82:XFD82),"Not Submitted")} -> Cat. -IV | Q82: Cat. -IV | S82: Document received by Mr. krunal on 03.03.2026 | BM82: =MID(F82,20,1) -> E
A83: 81 | B83: =$A$1 -> PSS12_Adani Green Energy 27 C Limited (AGE27CL) | C83: PCS | D83: Vendor | E83: Inovance | F83: 6764-INOV-PCS-GEN-DE-O-0007 | G83: 51H2-E-PCS-PCS-DE-O-V-0004 | H83: PSCAD Model | J83: Drawing | N83: {=_xlfn.IFNA(LOOKUP(2, 1/(MOD(COLUMN(O83:XFD83)-COLUMN(O83), 5)=2)/(O83:XFD83<>""), O83:XFD83),"Not Submitted")} -> Cat. -IV | Q83: Cat. -IV | S83: Document received by Mr. krunal on 03.03.2026 | BM83: =MID(F83,20,1) -> E
A84: 82 | B84: =$A$1 -> PSS12_Adani Green Energy 27 C Limited (AGE27CL) | C84: CSS | D84: Vendor | E84: Akshar | F84: 6764-AKSR-CSS-GEN-DE-G-0001 | G84: 51H2-E-SGR-AUT-DE-O-V-0001 | H84: Detailed drawings for 2500KVA, 33 KV CSS (Auxilary Transformer) with Civil foundation | I84: Approval | J84: Drawing | N84: {=_xlfn.IFNA(LOOKUP(2, 1/(MOD(COLUMN(O84:XFD84)-COLUMN(O84), 5)=2)/(O84:XFD84<>""), O84:XFD84),"Not Submitted")} -> Cat. -II | O84: NR | T84: NR | U84: 46058 | V84: Cat. -II | BM84: =MID(F84,20,1) -> E
A85: 83 | B85: =$A$1 -> PSS12_Adani Green Energy 27 C Limited (AGE27CL) | C85: HT Panel-Outdoor | D85: Vendor | E85: Trisqure | F85: 6764-TSQR-OHP-HGR-DE-G-0001 | G85: 51H2-E-SGR-HGR-DE-G-V-0001 | H85: GA and Electrical drawing(SLD& Scheme) with BOM (With Foundation Drawing) | K85: 46142 | N85: {=_xlfn.IFNA(LOOKUP(2, 1/(MOD(COLUMN(O85:XFD85)-COLUMN(O85), 5)=2)/(O85:XFD85<>""), O85:XFD85),"Not Submitted")} -> Cat. -I | O85: NR | P85: 46142 | Q85: Cat. -I | R85: XXXX-BESS-SITE-T-0001 | S85: Rev.14 | T85: NR | U85: 46172 | V85: Cat. -I | X85: Rev.15 | Y85: NR | Z85: 46183 | AA85: Cat. -I | AC85: Rev.16 | AD85: NR | AE85: 111977 | AF85: Cat. -I | AH85: Rev.20 | BM85: =MID(F85,20,1) -> E
A86: 84 | B86: =$A$1 -> PSS12_Adani Green Energy 27 C Limited (AGE27CL) | C86: ACDB | D86: Vendor | E86: Active Engineers | F86: 6764-ACTE-ACD-GEN-DE-G-0001 | G86: 51H2-E-SGR-ACD-DE-G-V-0001 | H86: GA and Electrical drawing with BOM (With Foundation Drawing) | N86: {=_xlfn.IFNA(LOOKUP(2, 1/(MOD(COLUMN(O86:XFD86)-COLUMN(O86), 5)=2)/(O86:XFD86<>""), O86:XFD86),"Not Submitted")} -> Cat. -I | O86: NR | T86: NR | U86: 46044 | V86: Cat. -I | W86: 51I4-BESS-SITE-T-0003 | Y86: NR | AD86: NR | AE86: 46206 | AF86: Cat. -I | AI86: 46234 | AJ86: 46234 | AK86: Cat. -I | BM86: =MID(F86,20,1) -> E
A87: 85 | B87: =$A$1 -> PSS12_Adani Green Energy 27 C Limited (AGE27CL) | C87: EMS | D87: Vendor | E87: Vendor | F87: 6764-XXXX-EMS-GEN-DI-D-0001 | G87: 51H2-E-CNI-EMS-DE-D-V-0001 | H87: Control and communication data sheet | J87: Document | N87: {=_xlfn.IFNA(LOOKUP(2, 1/(MOD(COLUMN(O87:XFD87)-COLUMN(O87), 5)=2)/(O87:XFD87<>""), O87:XFD87),"Not Submitted")} -> Not Submitted | BM87: =MID(F87,20,1) -> I
A88: 86 | B88: =$A$1 -> PSS12_Adani Green Energy 27 C Limited (AGE27CL) | C88: HT Cable | D88: Vendor | E88: Vendor | F88: 6764-XXXX-HTC-GEN-DE-D-0001 | G88: 51H2-E-HLC-HTC-DE-D-V-0001 | H88: GTP FOR 3C X 400 SQMM HT CABLE. | N88: {=_xlfn.IFNA(LOOKUP(2, 1/(MOD(COLUMN(O88:XFD88)-COLUMN(O88), 5)=2)/(O88:XFD88<>""), O88:XFD88),"Not Submitted")} -> Not Submitted | BM88: =MID(F88,20,1) -> E
A89: 87 | B89: =$A$1 -> PSS12_Adani Green Energy 27 C Limited (AGE27CL) | C89: HT Cable | D89: Vendor | E89: Vendor | F89: 6764-XXXX-HTC-GEN-DE-D-0001 | G89: 51H2-E-HLC-HTC-DE-D-V-0002 | H89: GTP FOR 3C X 400 SQMM HT CABLE. | N89: {=_xlfn.IFNA(LOOKUP(2, 1/(MOD(COLUMN(O89:XFD89)-COLUMN(O89), 5)=2)/(O89:XFD89<>""), O89:XFD89),"Not Submitted")} -> Not Submitted | BM89: =MID(F89,20,1) -> E
A90: 88 | B90: =$A$1 -> PSS12_Adani Green Energy 27 C Limited (AGE27CL) | C90: LT Cable | D90: Vendor | E90: Vendor | F90: 6764-XXXX-LTC-GEN-DE-D-0001 | G90: 51H2-E-HLC-LTC-DE-D-V-0001 | H90: GTP FOR 1CX400 SQQM LT CABLE | N90: {=_xlfn.IFNA(LOOKUP(2, 1/(MOD(COLUMN(O90:XFD90)-COLUMN(O90), 5)=2)/(O90:XFD90<>""), O90:XFD90),"Not Submitted")} -> Not Submitted | BM90: =MID(F90,20,1) -> E
A91: 89 | B91: =$A$1 -> PSS12_Adani Green Energy 27 C Limited (AGE27CL) | C91: LT Cable | D91: Vendor | E91: Vendor | F91: 6764-XXXX-LTC-GEN-DE-D-0001 | G91: 51H2-E-HLC-LTC-DE-D-V-0002 | H91: GTP FOR 3.5Cx300 sq mm, 3.5Cx50 sq mm LT CABLE | N91: {=_xlfn.IFNA(LOOKUP(2, 1/(MOD(COLUMN(O91:XFD91)-COLUMN(O91), 5)=2)/(O91:XFD91<>""), O91:XFD91),"Not Submitted")} -> Not Submitted | BM91: =MID(F91,20,1) -> E
A92: 90 | B92: =$A$1 -> PSS12_Adani Green Energy 27 C Limited (AGE27CL) | C92: Control Cable | D92: Vendor | E92: Vendor | F92: 6764-XXXX-CIC-GEN-DE-D-0001 | G92: 51H2-E-HLC-CIC-DE-D-V-0001 | H92: GTP of LT 1.1 kV YWY CONTROL CABLE (3C X 2.5 SQ.MM., 5C X 2.5 SQ.MM., 7C X 2.5 SQ.MM., & 4C X 6 SQ.MM.) & A2XFY POWER CABLE (4CX25 SQ.MM.) | N92: {=_xlfn.IFNA(LOOKUP(2, 1/(MOD(COLUMN(O92:XFD92)-COLUMN(O92), 5)=2)/(O92:XFD92<>""), O92:XFD92),"Not Submitted")} -> Not Submitted | BM92: =MID(F92,20,1) -> E
A93: 91 | B93: =$A$1 -> PSS12_Adani Green Energy 27 C Limited (AGE27CL) | C93: Opteical fiber cable | D93: Vendor | E93: Vendor | F93: 6764-XXXX-OFC-GEN-DE-D-0001 | G93: 51H2-E-HLC-CIC-DE-D-V-0002 | H93: 12F G.652D MT DS ARMOURED Optical Fiber Cable | N93: {=_xlfn.IFNA(LOOKUP(2, 1/(MOD(COLUMN(O93:XFD93)-COLUMN(O93), 5)=2)/(O93:XFD93<>""), O93:XFD93),"Not Submitted")} -> Not Submitted | BM93: =MID(F93,20,1) -> E
A94: 92 | B94: =$A$1 -> PSS12_Adani Green Energy 27 C Limited (AGE27CL) | C94: PEB Building | D94: Vendor | E94: Vendor | F94: 6764-XXXX-PEB-LCR-DC-G-0001 | G94: 51H2-E-PEB-LCR-DC-G-V-0001 | H94: PEB details for Local Control Room | I94: Approval | J94: Drawing | N94: {=_xlfn.IFNA(LOOKUP(2, 1/(MOD(COLUMN(O94:XFD94)-COLUMN(O94), 5)=2)/(O94:XFD94<>""), O94:XFD94),"Not Submitted")} -> Delete | Q94: Delete | S94: As per the received mail from Mr. punith_18.06.2026 | BM94: =MID(F94,20,1) -> C
A95: 93 | B95: =$A$1 -> PSS12_Adani Green Energy 27 C Limited (AGE27CL) | C95: PEB Building | D95: Vendor | E95: Vendor | F95: 6764-XXXX-PEB-LCR-DC-G-0002 | G95: 51H2-E-PEB-LCR-DC-G-V-0002 | H95: Anchor Bolt for Local Control Room | I95: Approval | J95: Drawing | N95: {=_xlfn.IFNA(LOOKUP(2, 1/(MOD(COLUMN(O95:XFD95)-COLUMN(O95), 5)=2)/(O95:XFD95<>""), O95:XFD95),"Not Submitted")} -> Delete | Q95: Delete | S95: As per the received mail from Mr. punith_18.06.2026 | BM95: =MID(F95,20,1) -> C
A96: 94 | B96: =$A$1 -> PSS12_Adani Green Energy 27 C Limited (AGE27CL) | C96: PEB Building | D96: Vendor | E96: Vendor | F96: 6764-XXXX-PEB-HGR-DC-G-0001 | G96: 51H2-E-PEB-SGR-DC-G-V-0001 | H96: PEB details for Outdoor Switchgear Room | I96: Approval | J96: Drawing | N96: {=_xlfn.IFNA(LOOKUP(2, 1/(MOD(COLUMN(O96:XFD96)-COLUMN(O96), 5)=2)/(O96:XFD96<>""), O96:XFD96),"Not Submitted")} -> Delete | Q96: Delete | S96: As per the received mail from Mr. punith_18.06.2026 | BM96: =MID(F96,20,1) -> C
A97: 95 | B97: =$A$1 -> PSS12_Adani Green Energy 27 C Limited (AGE27CL) | C97: PEB Building | D97: Vendor | E97: Vendor | F97: 6764-XXXX-PEB-HGR-DC-G-0002 | G97: 51H2-E-PEB-SGR-DC-G-V-0002 | H97: Anchor Bolt for Outdoor Switchgear Room | I97: Approval | J97: Drawing | N97: {=_xlfn.IFNA(LOOKUP(2, 1/(MOD(COLUMN(O97:XFD97)-COLUMN(O97), 5)=2)/(O97:XFD97<>""), O97:XFD97),"Not Submitted")} -> Delete | Q97: Delete | S97: As per the received mail from Mr. punith_18.06.2026 | BM97: =MID(F97,20,1) -> C
A98: 96 | B98: =$A$1 -> PSS12_Adani Green Energy 27 C Limited (AGE27CL) | C98: EMS | D98: Vendor | E98: Vendor | F98: 6764-XXXX-EMS-GEN-DE-Q-0001 | G98: 51H2-E-EMS-EMS-DE-Q-V-0001 | H98: EMS SCADA System Architecture Drawing | I98: Approval | J98: Drawing | N98: {=_xlfn.IFNA(LOOKUP(2, 1/(MOD(COLUMN(O98:XFD98)-COLUMN(O98), 5)=2)/(O98:XFD98<>""), O98:XFD98),"Not Submitted")} -> Delete | Q98: Delete | BM98: =MID(F98,20,1) -> E
A99: 97 | B99: =$A$1 -> PSS12_Adani Green Energy 27 C Limited (AGE27CL) | C99: EMS | D99: Vendor | E99: Vendor | F99: 6764-XXXX-EMS-GEN-DE-I-0001 | G99: 51H2-E-EMS-EMS-DE-I-V-0001 | H99: EMS Panel Drawing for Central Control Room, Network Panel, Site Level RTU RIO Panel, PCS Plateform RIO Panel, Junction Box for Ethernet Switches & LIUs | I99: Approval | J99: Drawing | N99: {=_xlfn.IFNA(LOOKUP(2, 1/(MOD(COLUMN(O99:XFD99)-COLUMN(O99), 5)=2)/(O99:XFD99<>""), O99:XFD99),"Not Submitted")} -> Delete | Q99: Delete | BM99: =MID(F99,20,1) -> E
A100: 98 | B100: =$A$1 -> PSS12_Adani Green Energy 27 C Limited (AGE27CL) | C100: EMS | D100: Vendor | E100: Vendor | F100: 6764-XXXX-EMS-GEN-DE-D-0001 | G100: 51H2-E-EMS-EMS-DE-D-V-0001 | H100: EMS System Components Datasheet - Including all equipments | I100: Approval | J100: Document | N100: {=_xlfn.IFNA(LOOKUP(2, 1/(MOD(COLUMN(O100:XFD100)-COLUMN(O100), 5)=2)/(O100:XFD100<>""), O100:XFD100),"Not Submitted")} -> Delete | Q100: Delete | BM100: =MID(F100,20,1) -> E
A101: 99 | B101: =$A$1 -> PSS12_Adani Green Energy 27 C Limited (AGE27CL) | C101: EMS | D101: Vendor | E101: Vendor | F101: 6764-XXXX-EMS-GEN-DE-D-0002 | G101: 51H2-E-EMS-EMS-DE-D-V-0002 | H101: Project BOM (Bill of Materials) - Includes Hardware and Software | I101: Approval | J101: Document | N101: {=_xlfn.IFNA(LOOKUP(2, 1/(MOD(COLUMN(O101:XFD101)-COLUMN(O101), 5)=2)/(O101:XFD101<>""), O101:XFD101),"Not Submitted")} -> Delete | Q101: Delete | BM101: =MID(F101,20,1) -> E
A102: 100 | B102: =$A$1 -> PSS12_Adani Green Energy 27 C Limited (AGE27CL) | C102: EMS | D102: Vendor | E102: Vendor | F102: 6764-XXXX-EMS-GEN-DE-O-0001 | G102: 51H2-E-EMS-EMS-DE-O-V-0001 | H102: Factory Acceptance Test (FAT) Procedure | I102: Approval | J102: Drawing | N102: {=_xlfn.IFNA(LOOKUP(2, 1/(MOD(COLUMN(O102:XFD102)-COLUMN(O102), 5)=2)/(O102:XFD102<>""), O102:XFD102),"Not Submitted")} -> Delete | Q102: Delete | BM102: =MID(F102,20,1) -> E
A103: 101 | B103: =$A$1 -> PSS12_Adani Green Energy 27 C Limited (AGE27CL) | C103: EMS | D103: Vendor | E103: Vendor | F103: 6764-XXXX-EMS-GEN-DE-O-0002 | G103: 51H2-E-EMS-EMS-DE-O-V-0002 | H103: SAT Procedure | I103: Approval | J103: Drawing | N103: {=_xlfn.IFNA(LOOKUP(2, 1/(MOD(COLUMN(O103:XFD103)-COLUMN(O103), 5)=2)/(O103:XFD103<>""), O103:XFD103),"Not Submitted")} -> Delete | Q103: Delete | BM103: =MID(F103,20,1) -> E
A104: 102 | B104: =$A$1 -> PSS12_Adani Green Energy 27 C Limited (AGE27CL) | C104: EMS | D104: Vendor | E104: Vendor | F104: 6764-XXXX-EMS-GEN-DE-I-0002 | G104: 51H2-E-EMS-EMS-DE-I-V-0002 | H104: Logic Diagram for EMS | I104: Approval | J104: Drawing | N104: {=_xlfn.IFNA(LOOKUP(2, 1/(MOD(COLUMN(O104:XFD104)-COLUMN(O104), 5)=2)/(O104:XFD104<>""), O104:XFD104),"Not Submitted")} -> Delete | Q104: Delete | BM104: =MID(F104,20,1) -> E
A105: 103 | B105: =$A$1 -> PSS12_Adani Green Energy 27 C Limited (AGE27CL) | C105: EMS | D105: Vendor | E105: Vendor | F105: 6764-XXXX-EMS-GEN-DE-E-0001 | G105: 51H2-E-EMS-EMS-DE-E-V-0001 | H105: Wiring Detailed Drawing | I105: Approval | J105: Drawing | N105: {=_xlfn.IFNA(LOOKUP(2, 1/(MOD(COLUMN(O105:XFD105)-COLUMN(O105), 5)=2)/(O105:XFD105<>""), O105:XFD105),"Not Submitted")} -> Delete | Q105: Delete | BM105: =MID(F105,20,1) -> E
A106: 104 | B106: =$A$1 -> PSS12_Adani Green Energy 27 C Limited (AGE27CL) | C106: EMS | D106: Vendor | E106: Vendor | F106: 6764-XXXX-EMS-GEN-DE-D-0003 | G106: 51H2-E-EMS-EMS-DE-D-V-0003 | H106: Input Output List/Summary | I106: Approval | J106: Document | N106: {=_xlfn.IFNA(LOOKUP(2, 1/(MOD(COLUMN(O106:XFD106)-COLUMN(O106), 5)=2)/(O106:XFD106<>""), O106:XFD106),"Not Submitted")} -> Delete | Q106: Delete | BM106: =MID(F106,20,1) -> E
A107: 105 | B107: =$A$1 -> PSS12_Adani Green Energy 27 C Limited (AGE27CL) | C107: EMS | D107: Vendor | E107: Vendor | F107: 6764-XXXX-EMS-GEN-DE-O-0003 | G107: 51H2-E-EMS-EMS-DE-O-V-0003 | H107: Factory Integrated Test (FIT) Procedure | I107: Approval | J107: Drawing | N107: {=_xlfn.IFNA(LOOKUP(2, 1/(MOD(COLUMN(O107:XFD107)-COLUMN(O107), 5)=2)/(O107:XFD107<>""), O107:XFD107),"Not Submitted")} -> Delete | Q107: Delete | BM107: =MID(F107,20,1) -> E
A108: 106 | B108: =$A$1 -> PSS12_Adani Green Energy 27 C Limited (AGE27CL) | C108: EMS | D108: Vendor | E108: Vendor | F108: 6764-XXXX-EMS-GEN-DE-E-0002 | G108: 51H2-E-EMS-EMS-DE-E-V-0002 | H108: Panel Grounding Scheme | I108: Approval | J108: Drawing | N108: {=_xlfn.IFNA(LOOKUP(2, 1/(MOD(COLUMN(O108:XFD108)-COLUMN(O108), 5)=2)/(O108:XFD108<>""), O108:XFD108),"Not Submitted")} -> Delete | Q108: Delete | BM108: =MID(F108,20,1) -> E
A109: 107 | B109: =$A$1 -> PSS12_Adani Green Energy 27 C Limited (AGE27CL) | C109: EMS | D109: Vendor | E109: Vendor | F109: 6764-XXXX-EMS-GEN-DE-O-0004 | G109: 51H2-E-EMS-EMS-DE-O-V-0004 | H109: Document Dosier | I109: Information | J109: Drawing | N109: {=_xlfn.IFNA(LOOKUP(2, 1/(MOD(COLUMN(O109:XFD109)-COLUMN(O109), 5)=2)/(O109:XFD109<>""), O109:XFD109),"Not Submitted")} -> Delete | Q109: Delete | BM109: =MID(F109,20,1) -> E
... A121: 119 | B121: =$A$1 -> PSS12_Adani Green Energy 27 C Limited (AGE27CL) | C121: EMS | D121: Vendor | E121: Vendor | F121: 6764-XXXX-EMS-GEN-DE-D-0007 | G121: 51H2-E-EMS-EMS-DE-D-V-0006 | H121: EMS System Datasheet - Enclosures Accessories Components | I121: Approval | J121: Document | N121: {=_xlfn.IFNA(LOOKUP(2, 1/(MOD(COLUMN(O121:XFD121)-COLUMN(O121), 5)=2)/(O121:XFD121<>""), O121:XFD121),"Not Submitted")} -> Delete | Q121: Delete | BM121: =MID(F121,20,1) -> E
A122: 120 | B122: =$A$1 -> PSS12_Adani Green Energy 27 C Limited (AGE27CL) | C122: EMS | E122: Vendor | F122: 6764-XXXX-EMS-GEN-DE-N-0001 | G122: 51H2-E-EMS-EMS-DE-N-V-0001 | H122: Complete Documentation of Implemented Protocols Between Various Elements | I122: Approval | J122: Document | N122: {=_xlfn.IFNA(LOOKUP(2, 1/(MOD(COLUMN(O122:XFD122)-COLUMN(O122), 5)=2)/(O122:XFD122<>""), O122:XFD122),"Not Submitted")} -> Delete | Q122: Delete | BM122: =MID(F122,20,1) -> E
A123: 121 | B123: =$A$1 -> PSS12_Adani Green Energy 27 C Limited (AGE27CL) | C123: Harmonic Filter | D123: Vendor | E123: Hitachi | F123: 6764-HTHI-HFL-GEN-DE-G-0001 | H123: General Arrangement Layout Drawing | I123: Approval | J123: Document | K123: 46140 | N123: {=_xlfn.IFNA(LOOKUP(2, 1/(MOD(COLUMN(O123:XFD123)-COLUMN(O123), 5)=2)/(O123:XFD123<>""), O123:XFD123),"Not Submitted")} -> Not Submitted | BM123: =MID(F123,20,1) -> E
A124: 122 | B124: =$A$1 -> PSS12_Adani Green Energy 27 C Limited (AGE27CL) | C124: Harmonic Filter | D124: Vendor | E124: Hitachi | F124: 6764-HTHI-HFL-GEN-DE-G-0002 | G124: 51H2-E-HFL-HFL-DE-G-V-0001 | H124: Drawing and GTP for Series Reactors | I124: Approval | J124: Document | K124: 46140 | N124: {=_xlfn.IFNA(LOOKUP(2, 1/(MOD(COLUMN(O124:XFD124)-COLUMN(O124), 5)=2)/(O124:XFD124<>""), O124:XFD124),"Not Submitted")} -> Not Submitted | BM124: =MID(F124,20,1) -> E
A125: 123 | B125: =$A$1 -> PSS12_Adani Green Energy 27 C Limited (AGE27CL) | C125: Harmonic Filter | D125: Vendor | E125: Hitachi | F125: 6764-HTHI-HFL-GEN-DE-G-0003 | G125: 51H2-E-HFL-HFL-DE-G-V-0002 | H125: Drawing and GTP for Off Load Isolator | I125: Approval | J125: Document | K125: 46140 | N125: {=_xlfn.IFNA(LOOKUP(2, 1/(MOD(COLUMN(O125:XFD125)-COLUMN(O125), 5)=2)/(O125:XFD125<>""), O125:XFD125),"Not Submitted")} -> Not Submitted | BM125: =MID(F125,20,1) -> E
A126: 124 | B126: =$A$1 -> PSS12_Adani Green Energy 27 C Limited (AGE27CL) | C126: Harmonic Filter | D126: Vendor | E126: Hitachi | F126: 6764-HTHI-HFL-GEN-DE-G-0004 | G126: 51H2-E-HFL-HFL-DE-G-V-0003 | H126: Drawing and GTP for NCT | I126: Approval | J126: Document | K126: 46140 | N126: {=_xlfn.IFNA(LOOKUP(2, 1/(MOD(COLUMN(O126:XFD126)-COLUMN(O126), 5)=2)/(O126:XFD126<>""), O126:XFD126),"Not Submitted")} -> Not Submitted | BM126: =MID(F126,20,1) -> E
A127: 125 | B127: =$A$1 -> PSS12_Adani Green Energy 27 C Limited (AGE27CL) | C127: Harmonic Filter | D127: Vendor | E127: Hitachi | F127: 6764-HTHI-HFL-GEN-DE-G-0005 | G127: 51H2-E-HFL-HFL-DE-G-V-0004 | H127: Drawing and GTP for Lightning Arrestor | I127: Approval | J127: Document | K127: 46140 | N127: {=_xlfn.IFNA(LOOKUP(2, 1/(MOD(COLUMN(O127:XFD127)-COLUMN(O127), 5)=2)/(O127:XFD127<>""), O127:XFD127),"Not Submitted")} -> Not Submitted | BM127: =MID(F127,20,1) -> E
A128: 126 | B128: =$A$1 -> PSS12_Adani Green Energy 27 C Limited (AGE27CL) | C128: Harmonic Filter | D128: Vendor | E128: Hitachi | F128: 6764-HTHI-HFL-GEN-DE-G-0006 | G128: 51H2-E-HFL-HFL-DE-D-V-0001 | H128: Drawing and GTP for MV Capacitors | I128: Approval | J128: Document | K128: 46140 | N128: {=_xlfn.IFNA(LOOKUP(2, 1/(MOD(COLUMN(O128:XFD128)-COLUMN(O128), 5)=2)/(O128:XFD128<>""), O128:XFD128),"Not Submitted")} -> Not Submitted | BM128: =MID(F128,20,1) -> E
A129: 127 | B129: =$A$1 -> PSS12_Adani Green Energy 27 C Limited (AGE27CL) | C129: Harmonic Filter | D129: Vendor | E129: Hitachi | F129: 6764-HTHI-HFL-GEN-DE-G-0007 | G129: 51H2-E-HFL-HFL-DE-E-V-0001 | H129: Drawing and GTP for Damping Resistor | I129: Approval | J129: Document | K129: 46140 | N129: {=_xlfn.IFNA(LOOKUP(2, 1/(MOD(COLUMN(O129:XFD129)-COLUMN(O129), 5)=2)/(O129:XFD129<>""), O129:XFD129),"Not Submitted")} -> Not Submitted | BM129: =MID(F129,20,1) -> E
A130: 128 | B130: =$A$1 -> PSS12_Adani Green Energy 27 C Limited (AGE27CL) | C130: Harmonic Filter | D130: Vendor | E130: Hitachi | F130: 6764-HTHI-HFL-GEN-DE-D-0001 | G130: 51H2-E-HFL-HFL-DE-D-V-0002 | H130: Data sheet for Termination kit | I130: Approval | J130: Document | K130: 46140 | N130: {=_xlfn.IFNA(LOOKUP(2, 1/(MOD(COLUMN(O130:XFD130)-COLUMN(O130), 5)=2)/(O130:XFD130<>""), O130:XFD130),"Not Submitted")} -> Not Submitted | BM130: =MID(F130,20,1) -> E
A131: 129 | B131: =$A$1 -> PSS12_Adani Green Energy 27 C Limited (AGE27CL) | C131: Harmonic Filter | D131: Vendor | E131: Hitachi | F131: 6764-HTHI-HFL-GEN-DE-D-0002 | G131: 51H2-E-HFL-HFL-DE-G-V-0005 | H131: Data sheet for Control Cable | I131: Approval | J131: Document | K131: 46140 | N131: {=_xlfn.IFNA(LOOKUP(2, 1/(MOD(COLUMN(O131:XFD131)-COLUMN(O131), 5)=2)/(O131:XFD131<>""), O131:XFD131),"Not Submitted")} -> Not Submitted | BM131: =MID(F131,20,1) -> E
A132: 130 | B132: =$A$1 -> PSS12_Adani Green Energy 27 C Limited (AGE27CL) | C132: Harmonic Filter | D132: Vendor | E132: Hitachi | F132: 6764-HTHI-HFL-GEN-DE-D-0003 | G132: 51H2-E-HFL-HFL-DE-C-V-0001 | H132: Data sheet for DWC pipe | I132: Approval | J132: Document | K132: 46140 | N132: {=_xlfn.IFNA(LOOKUP(2, 1/(MOD(COLUMN(O132:XFD132)-COLUMN(O132), 5)=2)/(O132:XFD132<>""), O132:XFD132),"Not Submitted")} -> Not Submitted | BM132: =MID(F132,20,1) -> E
A133: 131 | B133: =$A$1 -> PSS12_Adani Green Energy 27 C Limited (AGE27CL) | C133: Harmonic Filter | D133: Vendor | E133: Hitachi | F133: 6764-HTHI-HFL-GEN-DE-D-0004 | G133: 51H2-E-HFL-HFL-DE-G-V-0006 | H133: Drawing & Data sheet for Earth Pit & Earth Flats | I133: Approval | J133: Document | K133: 46140 | N133: {=_xlfn.IFNA(LOOKUP(2, 1/(MOD(COLUMN(O133:XFD133)-COLUMN(O133), 5)=2)/(O133:XFD133<>""), O133:XFD133),"Not Submitted")} -> Not Submitted | BM133: =MID(F133,20,1) -> E
A134: 131 | B134: =$A$1 -> PSS12_Adani Green Energy 27 C Limited (AGE27CL) | C134: Harmonic Filter | D134: Vendor | E134: Hitachi | F134: 6764-HTHI-HFL-GEN-DE-D-0005 | G134: 51H2-E-HFL-HFL-DE-G-V-0006 | H134: DATA SHEET FOR FRP/GRP LIGHTING POLES | I134: Approval | J134: Document | K134: 46140 | N134: {=_xlfn.IFNA(LOOKUP(2, 1/(MOD(COLUMN(O134:XFD134)-COLUMN(O134), 5)=2)/(O134:XFD134<>""), O134:XFD134),"Not Submitted")} -> Not Submitted | BM134: =MID(F134,20,1) -> E
